2026-07-27 11:24:51,052 | INFO |Task:
TaskConfig(db=<DB.OSSOpenSearch: 'OSSOpenSearch'>, db_config=OSSOpenSearchConfig(db_label='', version='', note='', host='localhost', port=9200, user='admin', password=SecretStr('**********')), db_case_config=OSSOpenSearchIndexConfig(metric_type=<MetricType.L2: 'L2'>, engine=<OSSOS_Engine.faiss: 'faiss'>, efConstruction=256, efSearch=100, engine_name=None, metric_type_name=None, M=16, index_thread_qty=4, number_of_shards=1, number_of_replicas=0, number_of_segments=1, refresh_interval='60s', force_merge_enabled=True, flush_threshold_size='5120mb', index_thread_qty_during_force_merge=4, cb_threshold='50%', number_of_indexing_clients=1, use_routing=False, quantization_type=<OSSOpenSearchQuantization.NONE: 'None'>, confidence_interval=None, clip=False, replication_type='DOCUMENT', knn_derived_source_enabled=False, memory_optimized_search=False, on_disk=False, compression_level='32x', oversample_factor=1.0), case_config=CaseConfig(case_id=<CaseType.PerformanceCustomDataset: 101>, custom_case={'name': 'deneysel-custom', 'description': 'DeneyselRAG kendi PDF korpusu', 'load_timeout': 36000, 'optimize_timeout': 36000, 'dataset_config': {'name': 'deneysel', 'dir': 'deneysel_nvidia_nv_embedqa_e5_v5', 'size': '942', 'dim': '1024', 'metric_type': 'Cosine', 'file_count': '1', 'use_shuffled': False, 'with_gt': True}}, k=10, concurrency_search_config=ConcurrencySearchConfig(num_concurrency=[1, 4, 8], concurrency_duration=30, concurrency_timeout=3600)), stages=['drop_old', 'load', 'search_serial', 'search_concurrent'], load_concurrency=0)
 (cli.py:659)
2026-07-27 11:25:44,584 | INFO |all configs: [('ALIYUN_OSS_URL', 'assets.zilliz.com.cn/benchmark/'), ('AWS_S3_URL', 'assets.zilliz.com/benchmark/'), ('CONCURRENCY_DURATION', 30), ('CONFIG_LOCAL_DIR', WindowsPath('C:/Users/tft/DeneyselRAG/env/Lib/site-packages/vectordb_bench/config-files')), ('CUSTOM_CONFIG_DIR', WindowsPath('C:/Users/tft/DeneyselRAG/env/Lib/site-packages/vectordb_bench/custom/custom_case.json')), ('DATASET_LOCAL_DIR', WindowsPath('C:/vdbb/dataset')), ('DATASET_SOURCE', 'S3'), ('DEFAULT_DATASET_URL', 'assets.zilliz.com/benchmark/'), ('DROP_OLD', True), ('K_DEFAULT', 100), ('LOAD_CONCURRENCY', 0), ('LOAD_MAX_TRY_COUNT', 10), ('LOG_FILE', 'logs/vectordb_bench.log'), ('LOG_LEVEL', 'INFO'), ('MAX_INSERT_RETRY', 5), ('MAX_SEARCH_RETRY', 5), ('NUM_CONCURRENCY', [1, 5, 10, 20, 30, 40, 60, 80]), ('NUM_PER_BATCH', 100), ('RESULTS_LOCAL_DIR', WindowsPath('C:/Users/tft/DeneyselRAG/env/Lib/site-packages/vectordb_bench/results')), ('TIME_PER_BATCH', 1), ('USE_SHUFFLED_DATA', True)] (__main__.py:12)
2026-07-27 11:27:00,025 | INFO |exit streamlit... (__main__.py:34)
2026-07-27 11:27:06,740 | INFO |Task:
TaskConfig(db=<DB.OSSOpenSearch: 'OSSOpenSearch'>, db_config=OSSOpenSearchConfig(db_label='', version='', note='', host='localhost', port=9200, user='admin', password=SecretStr('**********')), db_case_config=OSSOpenSearchIndexConfig(metric_type=<MetricType.L2: 'L2'>, engine=<OSSOS_Engine.faiss: 'faiss'>, efConstruction=256, efSearch=100, engine_name=None, metric_type_name=None, M=16, index_thread_qty=4, number_of_shards=1, number_of_replicas=0, number_of_segments=1, refresh_interval='60s', force_merge_enabled=True, flush_threshold_size='5120mb', index_thread_qty_during_force_merge=4, cb_threshold='50%', number_of_indexing_clients=1, use_routing=False, quantization_type=<OSSOpenSearchQuantization.NONE: 'None'>, confidence_interval=None, clip=False, replication_type='DOCUMENT', knn_derived_source_enabled=False, memory_optimized_search=False, on_disk=False, compression_level='32x', oversample_factor=1.0), case_config=CaseConfig(case_id=<CaseType.PerformanceCustomDataset: 101>, custom_case={'name': 'deneysel-custom', 'description': 'DeneyselRAG kendi PDF korpusu', 'load_timeout': 36000, 'optimize_timeout': 36000, 'dataset_config': {'name': 'deneysel', 'dir': 'deneysel_nvidia_nv_embedqa_e5_v5', 'size': '942', 'dim': '1024', 'metric_type': 'Cosine', 'file_count': '1', 'use_shuffled': False, 'with_gt': True}}, k=10, concurrency_search_config=ConcurrencySearchConfig(num_concurrency=[1, 4, 8], concurrency_duration=30, concurrency_timeout=3600)), stages=['drop_old', 'load', 'search_serial', 'search_concurrent'], load_concurrency=0)
 (cli.py:659)
2026-07-27 11:27:06,740 | INFO |generated uuid for the tasks: 95c6fe71238e4b7496e4a7bafb74a560 (interface.py:73)
2026-07-27 11:27:10,124 | INFO | DB             | CaseType     Dataset               Filter | task_label (task_runner.py:411)
2026-07-27 11:27:10,125 | INFO | -----------    | ------------ -------------------- ------- | -------    (task_runner.py:411)
2026-07-27 11:27:10,125 | INFO | OSSOpenSearch  | Performance  deneysel-Custom-942      0.0 | 95c6fe71238e4b7496e4a7bafb74a560 (task_runner.py:411)
2026-07-27 11:27:10,125 | INFO |task submitted: id=95c6fe71238e4b7496e4a7bafb74a560, 95c6fe71238e4b7496e4a7bafb74a560, case number: 1 (interface.py:248)
2026-07-27 11:27:11,190 | INFO |[1/1] start case: {'label': <CaseLabel.Performance: 2>, 'name': 'deneysel-custom', 'dataset': {'data': {'name': 'deneysel', 'size': 942, 'dim': 1024, 'metric_type': <MetricType.COSINE: 'COSINE'>}}, 'db': 'OSSOpenSearch'}, drop_old=True (interface.py:178)
2026-07-27 11:27:11,190 | INFO |Starting run (task_runner.py:149)
2026-07-27 11:27:11,427 | INFO |OSS_OpenSearch client config: {'hosts': [{'host': 'localhost', 'port': 9200}], 'http_auth': ('admin', 'Sifre123!_UzunVeGuclu'), 'use_ssl': False, 'http_compress': True, 'verify_certs': False, 'ssl_assert_hostname': False, 'ssl_show_warn': False, 'timeout': 600} (oss_opensearch.py:221)
2026-07-27 11:27:11,428 | INFO |OSS_OpenSearch db case config: metric_type=<MetricType.COSINE: 'COSINE'> engine=<OSSOS_Engine.faiss: 'faiss'> efConstruction=256 efSearch=100 engine_name=None metric_type_name=None M=16 index_thread_qty=4 number_of_shards=1 number_of_replicas=0 number_of_segments=1 refresh_interval='60s' force_merge_enabled=True flush_threshold_size='5120mb' index_thread_qty_during_force_merge=4 cb_threshold='50%' number_of_indexing_clients=1 use_routing=False quantization_type=<OSSOpenSearchQuantization.NONE: 'None'> confidence_interval=None clip=False replication_type='DOCUMENT' knn_derived_source_enabled=False memory_optimized_search=False on_disk=False compression_level='32x' oversample_factor=1.0 (oss_opensearch.py:222)
2026-07-27 11:27:11,428 | INFO |OSS_OpenSearch client drop old index: vdb_bench_index (oss_opensearch.py:229)
2026-07-27 11:27:11,460 | INFO |Creating index with ef_search: 100 (oss_opensearch.py:318)
2026-07-27 11:27:11,461 | INFO |Creating index with number_of_replicas: 0 (oss_opensearch.py:319)
2026-07-27 11:27:11,461 | INFO |Creating index with replication_type: DOCUMENT (oss_opensearch.py:320)
2026-07-27 11:27:11,461 | INFO |Creating index with knn_derived_source_enabled: False (oss_opensearch.py:321)
2026-07-27 11:27:11,461 | INFO |Creating index with engine: OSSOS_Engine.faiss (oss_opensearch.py:322)
2026-07-27 11:27:11,461 | INFO |Creating index with metric type: None (oss_opensearch.py:323)
2026-07-27 11:27:11,461 | INFO |Creating index with memory_optimized_search: False (oss_opensearch.py:324)
2026-07-27 11:27:11,461 | INFO |All case_config parameters: {'metric_type': <MetricType.COSINE: 'COSINE'>, 'engine': <OSSOS_Engine.faiss: 'faiss'>, 'efConstruction': 256, 'efSearch': 100, 'engine_name': None, 'metric_type_name': None, 'M': 16, 'index_thread_qty': 4, 'number_of_shards': 1, 'number_of_replicas': 0, 'number_of_segments': 1, 'refresh_interval': '60s', 'force_merge_enabled': True, 'flush_threshold_size': '5120mb', 'index_thread_qty_during_force_merge': 4, 'cb_threshold': '50%', 'number_of_indexing_clients': 1, 'use_routing': False, 'quantization_type': <OSSOpenSearchQuantization.NONE: 'None'>, 'confidence_interval': None, 'clip': False, 'replication_type': 'DOCUMENT', 'knn_derived_source_enabled': False, 'memory_optimized_search': False, 'on_disk': False, 'compression_level': '32x', 'oversample_factor': 1.0} (oss_opensearch.py:325)
2026-07-27 11:27:12,132 | INFO |Successfully updated cluster settings for index creation (oss_opensearch.py:62)
2026-07-27 11:27:12,136 | INFO |User specified metric_type: None (config.py:183)
2026-07-27 11:27:12,136 | WARNING |[1/1] case {'label': <CaseLabel.Performance: 2>, 'name': 'deneysel-custom', 'dataset': {'data': {'name': 'deneysel', 'size': 942, 'dim': 1024, 'metric_type': <MetricType.COSINE: 'COSINE'>}}, 'db': 'OSSOpenSearch'} failed to run, reason='NoneType' object has no attribute 'upper' (interface.py:200)
2026-07-27 11:27:12,144 | INFO |Task summary: run_id=95c6f, task_label=95c6fe71238e4b7496e4a7bafb74a560 (models.py:478)
2026-07-27 11:27:12,144 | INFO |DB            | db_label case            label                            | load_dur    qps        latency(p99)    latency(p95)    recall        max_load_count | label (models.py:478)
2026-07-27 11:27:12,144 | INFO |------------- | -------- --------------- -------------------------------- | ----------- ---------- --------------- --------------- ------------- -------------- | ----- (models.py:478)
2026-07-27 11:27:12,144 | INFO |OSSOpenSearch |          deneysel-custom 95c6fe71238e4b7496e4a7bafb74a560 | 0.0         0.0        0.0             0.0             0.0           0              | x     (models.py:478)
2026-07-27 11:27:12,145 | INFO |local result directory not exist, creating it: C:\Users\tft\DeneyselRAG\env\Lib\site-packages\vectordb_bench\results\OSSOpenSearch (models.py:307)
2026-07-27 11:27:12,146 | INFO |write results to disk C:\Users\tft\DeneyselRAG\env\Lib\site-packages\vectordb_bench\results\OSSOpenSearch\result_20260727_95c6fe71238e4b7496e4a7bafb74a560_ossopensearch.json (models.py:315)
2026-07-27 11:27:12,149 | INFO |Success to finish task: label=95c6fe71238e4b7496e4a7bafb74a560, run_id=95c6fe71238e4b7496e4a7bafb74a560 (interface.py:219)
2026-07-27 11:27:26,329 | INFO |Task:
TaskConfig(db=<DB.OSSOpenSearch: 'OSSOpenSearch'>, db_config=OSSOpenSearchConfig(db_label='', version='', note='', host='localhost', port=9200, user='admin', password=SecretStr('**********')), db_case_config=OSSOpenSearchIndexConfig(metric_type=<MetricType.L2: 'L2'>, engine=<OSSOS_Engine.faiss: 'faiss'>, efConstruction=256, efSearch=32, engine_name=None, metric_type_name=None, M=8, index_thread_qty=4, number_of_shards=1, number_of_replicas=0, number_of_segments=1, refresh_interval='60s', force_merge_enabled=True, flush_threshold_size='5120mb', index_thread_qty_during_force_merge=4, cb_threshold='50%', number_of_indexing_clients=1, use_routing=False, quantization_type=<OSSOpenSearchQuantization.NONE: 'None'>, confidence_interval=None, clip=False, replication_type='DOCUMENT', knn_derived_source_enabled=False, memory_optimized_search=False, on_disk=False, compression_level='32x', oversample_factor=1.0), case_config=CaseConfig(case_id=<CaseType.PerformanceCustomDataset: 101>, custom_case={'name': 'deneysel-custom', 'description': 'DeneyselRAG kendi PDF korpusu', 'load_timeout': 36000, 'optimize_timeout': 36000, 'dataset_config': {'name': 'deneysel', 'dir': 'deneysel_nvidia_nv_embedqa_e5_v5', 'size': '942', 'dim': '1024', 'metric_type': 'Cosine', 'file_count': '1', 'use_shuffled': False, 'with_gt': True}}, k=10, concurrency_search_config=ConcurrencySearchConfig(num_concurrency=[1, 4, 8], concurrency_duration=30, concurrency_timeout=3600)), stages=['drop_old', 'load', 'search_serial', 'search_concurrent'], load_concurrency=0)
 (cli.py:659)
2026-07-27 11:27:26,329 | INFO |generated uuid for the tasks: ba31f9d9e38e40e0b9ea04d37dfbc263 (interface.py:73)
2026-07-27 11:27:26,620 | INFO | DB             | CaseType     Dataset               Filter | task_label (task_runner.py:411)
2026-07-27 11:27:26,620 | INFO | -----------    | ------------ -------------------- ------- | -------    (task_runner.py:411)
2026-07-27 11:27:26,620 | INFO | OSSOpenSearch  | Performance  deneysel-Custom-942      0.0 | ba31f9d9e38e40e0b9ea04d37dfbc263 (task_runner.py:411)
2026-07-27 11:27:26,620 | INFO |task submitted: id=ba31f9d9e38e40e0b9ea04d37dfbc263, ba31f9d9e38e40e0b9ea04d37dfbc263, case number: 1 (interface.py:248)
2026-07-27 11:27:27,645 | INFO |[1/1] start case: {'label': <CaseLabel.Performance: 2>, 'name': 'deneysel-custom', 'dataset': {'data': {'name': 'deneysel', 'size': 942, 'dim': 1024, 'metric_type': <MetricType.COSINE: 'COSINE'>}}, 'db': 'OSSOpenSearch'}, drop_old=True (interface.py:178)
2026-07-27 11:27:27,646 | INFO |Starting run (task_runner.py:149)
2026-07-27 11:27:27,900 | INFO |OSS_OpenSearch client config: {'hosts': [{'host': 'localhost', 'port': 9200}], 'http_auth': ('admin', 'Sifre123!_UzunVeGuclu'), 'use_ssl': False, 'http_compress': True, 'verify_certs': False, 'ssl_assert_hostname': False, 'ssl_show_warn': False, 'timeout': 600} (oss_opensearch.py:221)
2026-07-27 11:27:27,900 | INFO |OSS_OpenSearch db case config: metric_type=<MetricType.COSINE: 'COSINE'> engine=<OSSOS_Engine.faiss: 'faiss'> efConstruction=256 efSearch=32 engine_name=None metric_type_name=None M=8 index_thread_qty=4 number_of_shards=1 number_of_replicas=0 number_of_segments=1 refresh_interval='60s' force_merge_enabled=True flush_threshold_size='5120mb' index_thread_qty_during_force_merge=4 cb_threshold='50%' number_of_indexing_clients=1 use_routing=False quantization_type=<OSSOpenSearchQuantization.NONE: 'None'> confidence_interval=None clip=False replication_type='DOCUMENT' knn_derived_source_enabled=False memory_optimized_search=False on_disk=False compression_level='32x' oversample_factor=1.0 (oss_opensearch.py:222)
2026-07-27 11:27:27,901 | INFO |OSS_OpenSearch client drop old index: vdb_bench_index (oss_opensearch.py:229)
2026-07-27 11:27:27,922 | INFO |Creating index with ef_search: 32 (oss_opensearch.py:318)
2026-07-27 11:27:27,923 | INFO |Creating index with number_of_replicas: 0 (oss_opensearch.py:319)
2026-07-27 11:27:27,923 | INFO |Creating index with replication_type: DOCUMENT (oss_opensearch.py:320)
2026-07-27 11:27:27,923 | INFO |Creating index with knn_derived_source_enabled: False (oss_opensearch.py:321)
2026-07-27 11:27:27,923 | INFO |Creating index with engine: OSSOS_Engine.faiss (oss_opensearch.py:322)
2026-07-27 11:27:27,924 | INFO |Creating index with metric type: None (oss_opensearch.py:323)
2026-07-27 11:27:27,924 | INFO |Creating index with memory_optimized_search: False (oss_opensearch.py:324)
2026-07-27 11:27:27,924 | INFO |All case_config parameters: {'metric_type': <MetricType.COSINE: 'COSINE'>, 'engine': <OSSOS_Engine.faiss: 'faiss'>, 'efConstruction': 256, 'efSearch': 32, 'engine_name': None, 'metric_type_name': None, 'M': 8, 'index_thread_qty': 4, 'number_of_shards': 1, 'number_of_replicas': 0, 'number_of_segments': 1, 'refresh_interval': '60s', 'force_merge_enabled': True, 'flush_threshold_size': '5120mb', 'index_thread_qty_during_force_merge': 4, 'cb_threshold': '50%', 'number_of_indexing_clients': 1, 'use_routing': False, 'quantization_type': <OSSOpenSearchQuantization.NONE: 'None'>, 'confidence_interval': None, 'clip': False, 'replication_type': 'DOCUMENT', 'knn_derived_source_enabled': False, 'memory_optimized_search': False, 'on_disk': False, 'compression_level': '32x', 'oversample_factor': 1.0} (oss_opensearch.py:325)
2026-07-27 11:27:27,989 | INFO |Successfully updated cluster settings for index creation (oss_opensearch.py:62)
2026-07-27 11:27:27,992 | INFO |User specified metric_type: None (config.py:183)
2026-07-27 11:27:27,992 | WARNING |[1/1] case {'label': <CaseLabel.Performance: 2>, 'name': 'deneysel-custom', 'dataset': {'data': {'name': 'deneysel', 'size': 942, 'dim': 1024, 'metric_type': <MetricType.COSINE: 'COSINE'>}}, 'db': 'OSSOpenSearch'} failed to run, reason='NoneType' object has no attribute 'upper' (interface.py:200)
2026-07-27 11:27:27,996 | INFO |Task summary: run_id=ba31f, task_label=ba31f9d9e38e40e0b9ea04d37dfbc263 (models.py:478)
2026-07-27 11:27:27,997 | INFO |DB            | db_label case            label                            | load_dur    qps        latency(p99)    latency(p95)    recall        max_load_count | label (models.py:478)
2026-07-27 11:27:27,997 | INFO |------------- | -------- --------------- -------------------------------- | ----------- ---------- --------------- --------------- ------------- -------------- | ----- (models.py:478)
2026-07-27 11:27:27,997 | INFO |OSSOpenSearch |          deneysel-custom ba31f9d9e38e40e0b9ea04d37dfbc263 | 0.0         0.0        0.0             0.0             0.0           0              | x     (models.py:478)
2026-07-27 11:27:27,997 | INFO |write results to disk C:\Users\tft\DeneyselRAG\env\Lib\site-packages\vectordb_bench\results\OSSOpenSearch\result_20260727_ba31f9d9e38e40e0b9ea04d37dfbc263_ossopensearch.json (models.py:315)
2026-07-27 11:27:27,999 | INFO |Success to finish task: label=ba31f9d9e38e40e0b9ea04d37dfbc263, run_id=ba31f9d9e38e40e0b9ea04d37dfbc263 (interface.py:219)
2026-07-27 11:27:30,275 | INFO |Task:
TaskConfig(db=<DB.OSSOpenSearch: 'OSSOpenSearch'>, db_config=OSSOpenSearchConfig(db_label='', version='', note='', host='localhost', port=9200, user='admin', password=SecretStr('**********')), db_case_config=OSSOpenSearchIndexConfig(metric_type=<MetricType.L2: 'L2'>, engine=<OSSOS_Engine.faiss: 'faiss'>, efConstruction=256, efSearch=64, engine_name=None, metric_type_name=None, M=8, index_thread_qty=4, number_of_shards=1, number_of_replicas=0, number_of_segments=1, refresh_interval='60s', force_merge_enabled=True, flush_threshold_size='5120mb', index_thread_qty_during_force_merge=4, cb_threshold='50%', number_of_indexing_clients=1, use_routing=False, quantization_type=<OSSOpenSearchQuantization.NONE: 'None'>, confidence_interval=None, clip=False, replication_type='DOCUMENT', knn_derived_source_enabled=False, memory_optimized_search=False, on_disk=False, compression_level='32x', oversample_factor=1.0), case_config=CaseConfig(case_id=<CaseType.PerformanceCustomDataset: 101>, custom_case={'name': 'deneysel-custom', 'description': 'DeneyselRAG kendi PDF korpusu', 'load_timeout': 36000, 'optimize_timeout': 36000, 'dataset_config': {'name': 'deneysel', 'dir': 'deneysel_nvidia_nv_embedqa_e5_v5', 'size': '942', 'dim': '1024', 'metric_type': 'Cosine', 'file_count': '1', 'use_shuffled': False, 'with_gt': True}}, k=10, concurrency_search_config=ConcurrencySearchConfig(num_concurrency=[1, 4, 8], concurrency_duration=30, concurrency_timeout=3600)), stages=['drop_old', 'load', 'search_serial', 'search_concurrent'], load_concurrency=0)
 (cli.py:659)
2026-07-27 11:27:30,276 | INFO |generated uuid for the tasks: 5a52d0a3074e440bab32e0b09349319c (interface.py:73)
2026-07-27 11:27:30,568 | INFO | DB             | CaseType     Dataset               Filter | task_label (task_runner.py:411)
2026-07-27 11:27:30,568 | INFO | -----------    | ------------ -------------------- ------- | -------    (task_runner.py:411)
2026-07-27 11:27:30,568 | INFO | OSSOpenSearch  | Performance  deneysel-Custom-942      0.0 | 5a52d0a3074e440bab32e0b09349319c (task_runner.py:411)
2026-07-27 11:27:30,569 | INFO |task submitted: id=5a52d0a3074e440bab32e0b09349319c, 5a52d0a3074e440bab32e0b09349319c, case number: 1 (interface.py:248)
2026-07-27 11:27:31,633 | INFO |[1/1] start case: {'label': <CaseLabel.Performance: 2>, 'name': 'deneysel-custom', 'dataset': {'data': {'name': 'deneysel', 'size': 942, 'dim': 1024, 'metric_type': <MetricType.COSINE: 'COSINE'>}}, 'db': 'OSSOpenSearch'}, drop_old=True (interface.py:178)
2026-07-27 11:27:31,634 | INFO |Starting run (task_runner.py:149)
2026-07-27 11:27:31,889 | INFO |OSS_OpenSearch client config: {'hosts': [{'host': 'localhost', 'port': 9200}], 'http_auth': ('admin', 'Sifre123!_UzunVeGuclu'), 'use_ssl': False, 'http_compress': True, 'verify_certs': False, 'ssl_assert_hostname': False, 'ssl_show_warn': False, 'timeout': 600} (oss_opensearch.py:221)
2026-07-27 11:27:31,889 | INFO |OSS_OpenSearch db case config: metric_type=<MetricType.COSINE: 'COSINE'> engine=<OSSOS_Engine.faiss: 'faiss'> efConstruction=256 efSearch=64 engine_name=None metric_type_name=None M=8 index_thread_qty=4 number_of_shards=1 number_of_replicas=0 number_of_segments=1 refresh_interval='60s' force_merge_enabled=True flush_threshold_size='5120mb' index_thread_qty_during_force_merge=4 cb_threshold='50%' number_of_indexing_clients=1 use_routing=False quantization_type=<OSSOpenSearchQuantization.NONE: 'None'> confidence_interval=None clip=False replication_type='DOCUMENT' knn_derived_source_enabled=False memory_optimized_search=False on_disk=False compression_level='32x' oversample_factor=1.0 (oss_opensearch.py:222)
2026-07-27 11:27:31,890 | INFO |OSS_OpenSearch client drop old index: vdb_bench_index (oss_opensearch.py:229)
2026-07-27 11:27:31,913 | INFO |Creating index with ef_search: 64 (oss_opensearch.py:318)
2026-07-27 11:27:31,914 | INFO |Creating index with number_of_replicas: 0 (oss_opensearch.py:319)
2026-07-27 11:27:31,914 | INFO |Creating index with replication_type: DOCUMENT (oss_opensearch.py:320)
2026-07-27 11:27:31,914 | INFO |Creating index with knn_derived_source_enabled: False (oss_opensearch.py:321)
2026-07-27 11:27:31,914 | INFO |Creating index with engine: OSSOS_Engine.faiss (oss_opensearch.py:322)
2026-07-27 11:27:31,914 | INFO |Creating index with metric type: None (oss_opensearch.py:323)
2026-07-27 11:27:31,914 | INFO |Creating index with memory_optimized_search: False (oss_opensearch.py:324)
2026-07-27 11:27:31,915 | INFO |All case_config parameters: {'metric_type': <MetricType.COSINE: 'COSINE'>, 'engine': <OSSOS_Engine.faiss: 'faiss'>, 'efConstruction': 256, 'efSearch': 64, 'engine_name': None, 'metric_type_name': None, 'M': 8, 'index_thread_qty': 4, 'number_of_shards': 1, 'number_of_replicas': 0, 'number_of_segments': 1, 'refresh_interval': '60s', 'force_merge_enabled': True, 'flush_threshold_size': '5120mb', 'index_thread_qty_during_force_merge': 4, 'cb_threshold': '50%', 'number_of_indexing_clients': 1, 'use_routing': False, 'quantization_type': <OSSOpenSearchQuantization.NONE: 'None'>, 'confidence_interval': None, 'clip': False, 'replication_type': 'DOCUMENT', 'knn_derived_source_enabled': False, 'memory_optimized_search': False, 'on_disk': False, 'compression_level': '32x', 'oversample_factor': 1.0} (oss_opensearch.py:325)
2026-07-27 11:27:31,972 | INFO |Successfully updated cluster settings for index creation (oss_opensearch.py:62)
2026-07-27 11:27:31,975 | INFO |User specified metric_type: None (config.py:183)
2026-07-27 11:27:31,975 | WARNING |[1/1] case {'label': <CaseLabel.Performance: 2>, 'name': 'deneysel-custom', 'dataset': {'data': {'name': 'deneysel', 'size': 942, 'dim': 1024, 'metric_type': <MetricType.COSINE: 'COSINE'>}}, 'db': 'OSSOpenSearch'} failed to run, reason='NoneType' object has no attribute 'upper' (interface.py:200)
2026-07-27 11:27:31,980 | INFO |Task summary: run_id=5a52d, task_label=5a52d0a3074e440bab32e0b09349319c (models.py:478)
2026-07-27 11:27:31,980 | INFO |DB            | db_label case            label                            | load_dur    qps        latency(p99)    latency(p95)    recall        max_load_count | label (models.py:478)
2026-07-27 11:27:31,980 | INFO |------------- | -------- --------------- -------------------------------- | ----------- ---------- --------------- --------------- ------------- -------------- | ----- (models.py:478)
2026-07-27 11:27:31,980 | INFO |OSSOpenSearch |          deneysel-custom 5a52d0a3074e440bab32e0b09349319c | 0.0         0.0        0.0             0.0             0.0           0              | x     (models.py:478)
2026-07-27 11:27:31,981 | INFO |write results to disk C:\Users\tft\DeneyselRAG\env\Lib\site-packages\vectordb_bench\results\OSSOpenSearch\result_20260727_5a52d0a3074e440bab32e0b09349319c_ossopensearch.json (models.py:315)
2026-07-27 11:27:31,982 | INFO |Success to finish task: label=5a52d0a3074e440bab32e0b09349319c, run_id=5a52d0a3074e440bab32e0b09349319c (interface.py:219)
2026-07-27 11:27:34,356 | INFO |Task:
TaskConfig(db=<DB.OSSOpenSearch: 'OSSOpenSearch'>, db_config=OSSOpenSearchConfig(db_label='', version='', note='', host='localhost', port=9200, user='admin', password=SecretStr('**********')), db_case_config=OSSOpenSearchIndexConfig(metric_type=<MetricType.L2: 'L2'>, engine=<OSSOS_Engine.faiss: 'faiss'>, efConstruction=256, efSearch=128, engine_name=None, metric_type_name=None, M=8, index_thread_qty=4, number_of_shards=1, number_of_replicas=0, number_of_segments=1, refresh_interval='60s', force_merge_enabled=True, flush_threshold_size='5120mb', index_thread_qty_during_force_merge=4, cb_threshold='50%', number_of_indexing_clients=1, use_routing=False, quantization_type=<OSSOpenSearchQuantization.NONE: 'None'>, confidence_interval=None, clip=False, replication_type='DOCUMENT', knn_derived_source_enabled=False, memory_optimized_search=False, on_disk=False, compression_level='32x', oversample_factor=1.0), case_config=CaseConfig(case_id=<CaseType.PerformanceCustomDataset: 101>, custom_case={'name': 'deneysel-custom', 'description': 'DeneyselRAG kendi PDF korpusu', 'load_timeout': 36000, 'optimize_timeout': 36000, 'dataset_config': {'name': 'deneysel', 'dir': 'deneysel_nvidia_nv_embedqa_e5_v5', 'size': '942', 'dim': '1024', 'metric_type': 'Cosine', 'file_count': '1', 'use_shuffled': False, 'with_gt': True}}, k=10, concurrency_search_config=ConcurrencySearchConfig(num_concurrency=[1, 4, 8], concurrency_duration=30, concurrency_timeout=3600)), stages=['drop_old', 'load', 'search_serial', 'search_concurrent'], load_concurrency=0)
 (cli.py:659)
2026-07-27 11:27:34,357 | INFO |generated uuid for the tasks: b1b90c1387c24257a4668d6f51e6c6ec (interface.py:73)
2026-07-27 11:27:34,649 | INFO | DB             | CaseType     Dataset               Filter | task_label (task_runner.py:411)
2026-07-27 11:27:34,649 | INFO | -----------    | ------------ -------------------- ------- | -------    (task_runner.py:411)
2026-07-27 11:27:34,650 | INFO | OSSOpenSearch  | Performance  deneysel-Custom-942      0.0 | b1b90c1387c24257a4668d6f51e6c6ec (task_runner.py:411)
2026-07-27 11:27:34,650 | INFO |task submitted: id=b1b90c1387c24257a4668d6f51e6c6ec, b1b90c1387c24257a4668d6f51e6c6ec, case number: 1 (interface.py:248)
2026-07-27 11:27:35,710 | INFO |[1/1] start case: {'label': <CaseLabel.Performance: 2>, 'name': 'deneysel-custom', 'dataset': {'data': {'name': 'deneysel', 'size': 942, 'dim': 1024, 'metric_type': <MetricType.COSINE: 'COSINE'>}}, 'db': 'OSSOpenSearch'}, drop_old=True (interface.py:178)
2026-07-27 11:27:35,710 | INFO |Starting run (task_runner.py:149)
2026-07-27 11:27:35,947 | INFO |OSS_OpenSearch client config: {'hosts': [{'host': 'localhost', 'port': 9200}], 'http_auth': ('admin', 'Sifre123!_UzunVeGuclu'), 'use_ssl': False, 'http_compress': True, 'verify_certs': False, 'ssl_assert_hostname': False, 'ssl_show_warn': False, 'timeout': 600} (oss_opensearch.py:221)
2026-07-27 11:27:35,947 | INFO |OSS_OpenSearch db case config: metric_type=<MetricType.COSINE: 'COSINE'> engine=<OSSOS_Engine.faiss: 'faiss'> efConstruction=256 efSearch=128 engine_name=None metric_type_name=None M=8 index_thread_qty=4 number_of_shards=1 number_of_replicas=0 number_of_segments=1 refresh_interval='60s' force_merge_enabled=True flush_threshold_size='5120mb' index_thread_qty_during_force_merge=4 cb_threshold='50%' number_of_indexing_clients=1 use_routing=False quantization_type=<OSSOpenSearchQuantization.NONE: 'None'> confidence_interval=None clip=False replication_type='DOCUMENT' knn_derived_source_enabled=False memory_optimized_search=False on_disk=False compression_level='32x' oversample_factor=1.0 (oss_opensearch.py:222)
2026-07-27 11:27:35,948 | INFO |OSS_OpenSearch client drop old index: vdb_bench_index (oss_opensearch.py:229)
2026-07-27 11:27:35,972 | INFO |Creating index with ef_search: 128 (oss_opensearch.py:318)
2026-07-27 11:27:35,972 | INFO |Creating index with number_of_replicas: 0 (oss_opensearch.py:319)
2026-07-27 11:27:35,972 | INFO |Creating index with replication_type: DOCUMENT (oss_opensearch.py:320)
2026-07-27 11:27:35,973 | INFO |Creating index with knn_derived_source_enabled: False (oss_opensearch.py:321)
2026-07-27 11:27:35,973 | INFO |Creating index with engine: OSSOS_Engine.faiss (oss_opensearch.py:322)
2026-07-27 11:27:35,973 | INFO |Creating index with metric type: None (oss_opensearch.py:323)
2026-07-27 11:27:35,973 | INFO |Creating index with memory_optimized_search: False (oss_opensearch.py:324)
2026-07-27 11:27:35,973 | INFO |All case_config parameters: {'metric_type': <MetricType.COSINE: 'COSINE'>, 'engine': <OSSOS_Engine.faiss: 'faiss'>, 'efConstruction': 256, 'efSearch': 128, 'engine_name': None, 'metric_type_name': None, 'M': 8, 'index_thread_qty': 4, 'number_of_shards': 1, 'number_of_replicas': 0, 'number_of_segments': 1, 'refresh_interval': '60s', 'force_merge_enabled': True, 'flush_threshold_size': '5120mb', 'index_thread_qty_during_force_merge': 4, 'cb_threshold': '50%', 'number_of_indexing_clients': 1, 'use_routing': False, 'quantization_type': <OSSOpenSearchQuantization.NONE: 'None'>, 'confidence_interval': None, 'clip': False, 'replication_type': 'DOCUMENT', 'knn_derived_source_enabled': False, 'memory_optimized_search': False, 'on_disk': False, 'compression_level': '32x', 'oversample_factor': 1.0} (oss_opensearch.py:325)
2026-07-27 11:27:36,026 | INFO |Successfully updated cluster settings for index creation (oss_opensearch.py:62)
2026-07-27 11:27:36,030 | INFO |User specified metric_type: None (config.py:183)
2026-07-27 11:27:36,030 | WARNING |[1/1] case {'label': <CaseLabel.Performance: 2>, 'name': 'deneysel-custom', 'dataset': {'data': {'name': 'deneysel', 'size': 942, 'dim': 1024, 'metric_type': <MetricType.COSINE: 'COSINE'>}}, 'db': 'OSSOpenSearch'} failed to run, reason='NoneType' object has no attribute 'upper' (interface.py:200)
2026-07-27 11:27:36,035 | INFO |Task summary: run_id=b1b90, task_label=b1b90c1387c24257a4668d6f51e6c6ec (models.py:478)
2026-07-27 11:27:36,035 | INFO |DB            | db_label case            label                            | load_dur    qps        latency(p99)    latency(p95)    recall        max_load_count | label (models.py:478)
2026-07-27 11:27:36,035 | INFO |------------- | -------- --------------- -------------------------------- | ----------- ---------- --------------- --------------- ------------- -------------- | ----- (models.py:478)
2026-07-27 11:27:36,035 | INFO |OSSOpenSearch |          deneysel-custom b1b90c1387c24257a4668d6f51e6c6ec | 0.0         0.0        0.0             0.0             0.0           0              | x     (models.py:478)
2026-07-27 11:27:36,036 | INFO |write results to disk C:\Users\tft\DeneyselRAG\env\Lib\site-packages\vectordb_bench\results\OSSOpenSearch\result_20260727_b1b90c1387c24257a4668d6f51e6c6ec_ossopensearch.json (models.py:315)
2026-07-27 11:27:36,037 | INFO |Success to finish task: label=b1b90c1387c24257a4668d6f51e6c6ec, run_id=b1b90c1387c24257a4668d6f51e6c6ec (interface.py:219)
2026-07-27 11:27:38,174 | INFO |Task:
TaskConfig(db=<DB.OSSOpenSearch: 'OSSOpenSearch'>, db_config=OSSOpenSearchConfig(db_label='', version='', note='', host='localhost', port=9200, user='admin', password=SecretStr('**********')), db_case_config=OSSOpenSearchIndexConfig(metric_type=<MetricType.L2: 'L2'>, engine=<OSSOS_Engine.faiss: 'faiss'>, efConstruction=256, efSearch=256, engine_name=None, metric_type_name=None, M=8, index_thread_qty=4, number_of_shards=1, number_of_replicas=0, number_of_segments=1, refresh_interval='60s', force_merge_enabled=True, flush_threshold_size='5120mb', index_thread_qty_during_force_merge=4, cb_threshold='50%', number_of_indexing_clients=1, use_routing=False, quantization_type=<OSSOpenSearchQuantization.NONE: 'None'>, confidence_interval=None, clip=False, replication_type='DOCUMENT', knn_derived_source_enabled=False, memory_optimized_search=False, on_disk=False, compression_level='32x', oversample_factor=1.0), case_config=CaseConfig(case_id=<CaseType.PerformanceCustomDataset: 101>, custom_case={'name': 'deneysel-custom', 'description': 'DeneyselRAG kendi PDF korpusu', 'load_timeout': 36000, 'optimize_timeout': 36000, 'dataset_config': {'name': 'deneysel', 'dir': 'deneysel_nvidia_nv_embedqa_e5_v5', 'size': '942', 'dim': '1024', 'metric_type': 'Cosine', 'file_count': '1', 'use_shuffled': False, 'with_gt': True}}, k=10, concurrency_search_config=ConcurrencySearchConfig(num_concurrency=[1, 4, 8], concurrency_duration=30, concurrency_timeout=3600)), stages=['drop_old', 'load', 'search_serial', 'search_concurrent'], load_concurrency=0)
 (cli.py:659)
2026-07-27 11:27:38,175 | INFO |generated uuid for the tasks: 987708590ef8482eb26ca22ebc93d746 (interface.py:73)
2026-07-27 11:27:38,462 | INFO | DB             | CaseType     Dataset               Filter | task_label (task_runner.py:411)
2026-07-27 11:27:38,463 | INFO | -----------    | ------------ -------------------- ------- | -------    (task_runner.py:411)
2026-07-27 11:27:38,463 | INFO | OSSOpenSearch  | Performance  deneysel-Custom-942      0.0 | 987708590ef8482eb26ca22ebc93d746 (task_runner.py:411)
2026-07-27 11:27:38,463 | INFO |task submitted: id=987708590ef8482eb26ca22ebc93d746, 987708590ef8482eb26ca22ebc93d746, case number: 1 (interface.py:248)
2026-07-27 11:27:39,469 | INFO |[1/1] start case: {'label': <CaseLabel.Performance: 2>, 'name': 'deneysel-custom', 'dataset': {'data': {'name': 'deneysel', 'size': 942, 'dim': 1024, 'metric_type': <MetricType.COSINE: 'COSINE'>}}, 'db': 'OSSOpenSearch'}, drop_old=True (interface.py:178)
2026-07-27 11:27:39,469 | INFO |Starting run (task_runner.py:149)
2026-07-27 11:27:39,703 | INFO |OSS_OpenSearch client config: {'hosts': [{'host': 'localhost', 'port': 9200}], 'http_auth': ('admin', 'Sifre123!_UzunVeGuclu'), 'use_ssl': False, 'http_compress': True, 'verify_certs': False, 'ssl_assert_hostname': False, 'ssl_show_warn': False, 'timeout': 600} (oss_opensearch.py:221)
2026-07-27 11:27:39,703 | INFO |OSS_OpenSearch db case config: metric_type=<MetricType.COSINE: 'COSINE'> engine=<OSSOS_Engine.faiss: 'faiss'> efConstruction=256 efSearch=256 engine_name=None metric_type_name=None M=8 index_thread_qty=4 number_of_shards=1 number_of_replicas=0 number_of_segments=1 refresh_interval='60s' force_merge_enabled=True flush_threshold_size='5120mb' index_thread_qty_during_force_merge=4 cb_threshold='50%' number_of_indexing_clients=1 use_routing=False quantization_type=<OSSOpenSearchQuantization.NONE: 'None'> confidence_interval=None clip=False replication_type='DOCUMENT' knn_derived_source_enabled=False memory_optimized_search=False on_disk=False compression_level='32x' oversample_factor=1.0 (oss_opensearch.py:222)
2026-07-27 11:27:39,704 | INFO |OSS_OpenSearch client drop old index: vdb_bench_index (oss_opensearch.py:229)
2026-07-27 11:27:39,723 | INFO |Creating index with ef_search: 256 (oss_opensearch.py:318)
2026-07-27 11:27:39,724 | INFO |Creating index with number_of_replicas: 0 (oss_opensearch.py:319)
2026-07-27 11:27:39,724 | INFO |Creating index with replication_type: DOCUMENT (oss_opensearch.py:320)
2026-07-27 11:27:39,724 | INFO |Creating index with knn_derived_source_enabled: False (oss_opensearch.py:321)
2026-07-27 11:27:39,724 | INFO |Creating index with engine: OSSOS_Engine.faiss (oss_opensearch.py:322)
2026-07-27 11:27:39,724 | INFO |Creating index with metric type: None (oss_opensearch.py:323)
2026-07-27 11:27:39,724 | INFO |Creating index with memory_optimized_search: False (oss_opensearch.py:324)
2026-07-27 11:27:39,724 | INFO |All case_config parameters: {'metric_type': <MetricType.COSINE: 'COSINE'>, 'engine': <OSSOS_Engine.faiss: 'faiss'>, 'efConstruction': 256, 'efSearch': 256, 'engine_name': None, 'metric_type_name': None, 'M': 8, 'index_thread_qty': 4, 'number_of_shards': 1, 'number_of_replicas': 0, 'number_of_segments': 1, 'refresh_interval': '60s', 'force_merge_enabled': True, 'flush_threshold_size': '5120mb', 'index_thread_qty_during_force_merge': 4, 'cb_threshold': '50%', 'number_of_indexing_clients': 1, 'use_routing': False, 'quantization_type': <OSSOpenSearchQuantization.NONE: 'None'>, 'confidence_interval': None, 'clip': False, 'replication_type': 'DOCUMENT', 'knn_derived_source_enabled': False, 'memory_optimized_search': False, 'on_disk': False, 'compression_level': '32x', 'oversample_factor': 1.0} (oss_opensearch.py:325)
2026-07-27 11:27:39,777 | INFO |Successfully updated cluster settings for index creation (oss_opensearch.py:62)
2026-07-27 11:27:39,780 | INFO |User specified metric_type: None (config.py:183)
2026-07-27 11:27:39,781 | WARNING |[1/1] case {'label': <CaseLabel.Performance: 2>, 'name': 'deneysel-custom', 'dataset': {'data': {'name': 'deneysel', 'size': 942, 'dim': 1024, 'metric_type': <MetricType.COSINE: 'COSINE'>}}, 'db': 'OSSOpenSearch'} failed to run, reason='NoneType' object has no attribute 'upper' (interface.py:200)
2026-07-27 11:27:39,785 | INFO |Task summary: run_id=98770, task_label=987708590ef8482eb26ca22ebc93d746 (models.py:478)
2026-07-27 11:27:39,785 | INFO |DB            | db_label case            label                            | load_dur    qps        latency(p99)    latency(p95)    recall        max_load_count | label (models.py:478)
2026-07-27 11:27:39,785 | INFO |------------- | -------- --------------- -------------------------------- | ----------- ---------- --------------- --------------- ------------- -------------- | ----- (models.py:478)
2026-07-27 11:27:39,786 | INFO |OSSOpenSearch |          deneysel-custom 987708590ef8482eb26ca22ebc93d746 | 0.0         0.0        0.0             0.0             0.0           0              | x     (models.py:478)
2026-07-27 11:27:39,786 | INFO |write results to disk C:\Users\tft\DeneyselRAG\env\Lib\site-packages\vectordb_bench\results\OSSOpenSearch\result_20260727_987708590ef8482eb26ca22ebc93d746_ossopensearch.json (models.py:315)
2026-07-27 11:27:39,787 | INFO |Success to finish task: label=987708590ef8482eb26ca22ebc93d746, run_id=987708590ef8482eb26ca22ebc93d746 (interface.py:219)
2026-07-27 11:27:41,975 | INFO |Task:
TaskConfig(db=<DB.OSSOpenSearch: 'OSSOpenSearch'>, db_config=OSSOpenSearchConfig(db_label='', version='', note='', host='localhost', port=9200, user='admin', password=SecretStr('**********')), db_case_config=OSSOpenSearchIndexConfig(metric_type=<MetricType.L2: 'L2'>, engine=<OSSOS_Engine.faiss: 'faiss'>, efConstruction=256, efSearch=32, engine_name=None, metric_type_name=None, M=16, index_thread_qty=4, number_of_shards=1, number_of_replicas=0, number_of_segments=1, refresh_interval='60s', force_merge_enabled=True, flush_threshold_size='5120mb', index_thread_qty_during_force_merge=4, cb_threshold='50%', number_of_indexing_clients=1, use_routing=False, quantization_type=<OSSOpenSearchQuantization.NONE: 'None'>, confidence_interval=None, clip=False, replication_type='DOCUMENT', knn_derived_source_enabled=False, memory_optimized_search=False, on_disk=False, compression_level='32x', oversample_factor=1.0), case_config=CaseConfig(case_id=<CaseType.PerformanceCustomDataset: 101>, custom_case={'name': 'deneysel-custom', 'description': 'DeneyselRAG kendi PDF korpusu', 'load_timeout': 36000, 'optimize_timeout': 36000, 'dataset_config': {'name': 'deneysel', 'dir': 'deneysel_nvidia_nv_embedqa_e5_v5', 'size': '942', 'dim': '1024', 'metric_type': 'Cosine', 'file_count': '1', 'use_shuffled': False, 'with_gt': True}}, k=10, concurrency_search_config=ConcurrencySearchConfig(num_concurrency=[1, 4, 8], concurrency_duration=30, concurrency_timeout=3600)), stages=['drop_old', 'load', 'search_serial', 'search_concurrent'], load_concurrency=0)
 (cli.py:659)
2026-07-27 11:27:41,976 | INFO |generated uuid for the tasks: 3c0f193c86c5429b87e6a7611d0facb3 (interface.py:73)
2026-07-27 11:27:42,299 | INFO | DB             | CaseType     Dataset               Filter | task_label (task_runner.py:411)
2026-07-27 11:27:42,299 | INFO | -----------    | ------------ -------------------- ------- | -------    (task_runner.py:411)
2026-07-27 11:27:42,299 | INFO | OSSOpenSearch  | Performance  deneysel-Custom-942      0.0 | 3c0f193c86c5429b87e6a7611d0facb3 (task_runner.py:411)
2026-07-27 11:27:42,299 | INFO |task submitted: id=3c0f193c86c5429b87e6a7611d0facb3, 3c0f193c86c5429b87e6a7611d0facb3, case number: 1 (interface.py:248)
2026-07-27 11:27:43,311 | INFO |[1/1] start case: {'label': <CaseLabel.Performance: 2>, 'name': 'deneysel-custom', 'dataset': {'data': {'name': 'deneysel', 'size': 942, 'dim': 1024, 'metric_type': <MetricType.COSINE: 'COSINE'>}}, 'db': 'OSSOpenSearch'}, drop_old=True (interface.py:178)
2026-07-27 11:27:43,311 | INFO |Starting run (task_runner.py:149)
2026-07-27 11:27:43,548 | INFO |OSS_OpenSearch client config: {'hosts': [{'host': 'localhost', 'port': 9200}], 'http_auth': ('admin', 'Sifre123!_UzunVeGuclu'), 'use_ssl': False, 'http_compress': True, 'verify_certs': False, 'ssl_assert_hostname': False, 'ssl_show_warn': False, 'timeout': 600} (oss_opensearch.py:221)
2026-07-27 11:27:43,548 | INFO |OSS_OpenSearch db case config: metric_type=<MetricType.COSINE: 'COSINE'> engine=<OSSOS_Engine.faiss: 'faiss'> efConstruction=256 efSearch=32 engine_name=None metric_type_name=None M=16 index_thread_qty=4 number_of_shards=1 number_of_replicas=0 number_of_segments=1 refresh_interval='60s' force_merge_enabled=True flush_threshold_size='5120mb' index_thread_qty_during_force_merge=4 cb_threshold='50%' number_of_indexing_clients=1 use_routing=False quantization_type=<OSSOpenSearchQuantization.NONE: 'None'> confidence_interval=None clip=False replication_type='DOCUMENT' knn_derived_source_enabled=False memory_optimized_search=False on_disk=False compression_level='32x' oversample_factor=1.0 (oss_opensearch.py:222)
2026-07-27 11:27:43,549 | INFO |OSS_OpenSearch client drop old index: vdb_bench_index (oss_opensearch.py:229)
2026-07-27 11:27:43,588 | INFO |Creating index with ef_search: 32 (oss_opensearch.py:318)
2026-07-27 11:27:43,589 | INFO |Creating index with number_of_replicas: 0 (oss_opensearch.py:319)
2026-07-27 11:27:43,589 | INFO |Creating index with replication_type: DOCUMENT (oss_opensearch.py:320)
2026-07-27 11:27:43,589 | INFO |Creating index with knn_derived_source_enabled: False (oss_opensearch.py:321)
2026-07-27 11:27:43,589 | INFO |Creating index with engine: OSSOS_Engine.faiss (oss_opensearch.py:322)
2026-07-27 11:27:43,589 | INFO |Creating index with metric type: None (oss_opensearch.py:323)
2026-07-27 11:27:43,589 | INFO |Creating index with memory_optimized_search: False (oss_opensearch.py:324)
2026-07-27 11:27:43,590 | INFO |All case_config parameters: {'metric_type': <MetricType.COSINE: 'COSINE'>, 'engine': <OSSOS_Engine.faiss: 'faiss'>, 'efConstruction': 256, 'efSearch': 32, 'engine_name': None, 'metric_type_name': None, 'M': 16, 'index_thread_qty': 4, 'number_of_shards': 1, 'number_of_replicas': 0, 'number_of_segments': 1, 'refresh_interval': '60s', 'force_merge_enabled': True, 'flush_threshold_size': '5120mb', 'index_thread_qty_during_force_merge': 4, 'cb_threshold': '50%', 'number_of_indexing_clients': 1, 'use_routing': False, 'quantization_type': <OSSOpenSearchQuantization.NONE: 'None'>, 'confidence_interval': None, 'clip': False, 'replication_type': 'DOCUMENT', 'knn_derived_source_enabled': False, 'memory_optimized_search': False, 'on_disk': False, 'compression_level': '32x', 'oversample_factor': 1.0} (oss_opensearch.py:325)
2026-07-27 11:27:43,647 | INFO |Successfully updated cluster settings for index creation (oss_opensearch.py:62)
2026-07-27 11:27:43,650 | INFO |User specified metric_type: None (config.py:183)
2026-07-27 11:27:43,651 | WARNING |[1/1] case {'label': <CaseLabel.Performance: 2>, 'name': 'deneysel-custom', 'dataset': {'data': {'name': 'deneysel', 'size': 942, 'dim': 1024, 'metric_type': <MetricType.COSINE: 'COSINE'>}}, 'db': 'OSSOpenSearch'} failed to run, reason='NoneType' object has no attribute 'upper' (interface.py:200)
2026-07-27 11:27:43,654 | INFO |Task summary: run_id=3c0f1, task_label=3c0f193c86c5429b87e6a7611d0facb3 (models.py:478)
2026-07-27 11:27:43,655 | INFO |DB            | db_label case            label                            | load_dur    qps        latency(p99)    latency(p95)    recall        max_load_count | label (models.py:478)
2026-07-27 11:27:43,655 | INFO |------------- | -------- --------------- -------------------------------- | ----------- ---------- --------------- --------------- ------------- -------------- | ----- (models.py:478)
2026-07-27 11:27:43,655 | INFO |OSSOpenSearch |          deneysel-custom 3c0f193c86c5429b87e6a7611d0facb3 | 0.0         0.0        0.0             0.0             0.0           0              | x     (models.py:478)
2026-07-27 11:27:43,655 | INFO |write results to disk C:\Users\tft\DeneyselRAG\env\Lib\site-packages\vectordb_bench\results\OSSOpenSearch\result_20260727_3c0f193c86c5429b87e6a7611d0facb3_ossopensearch.json (models.py:315)
2026-07-27 11:27:43,657 | INFO |Success to finish task: label=3c0f193c86c5429b87e6a7611d0facb3, run_id=3c0f193c86c5429b87e6a7611d0facb3 (interface.py:219)
2026-07-27 11:27:45,890 | INFO |Task:
TaskConfig(db=<DB.OSSOpenSearch: 'OSSOpenSearch'>, db_config=OSSOpenSearchConfig(db_label='', version='', note='', host='localhost', port=9200, user='admin', password=SecretStr('**********')), db_case_config=OSSOpenSearchIndexConfig(metric_type=<MetricType.L2: 'L2'>, engine=<OSSOS_Engine.faiss: 'faiss'>, efConstruction=256, efSearch=64, engine_name=None, metric_type_name=None, M=16, index_thread_qty=4, number_of_shards=1, number_of_replicas=0, number_of_segments=1, refresh_interval='60s', force_merge_enabled=True, flush_threshold_size='5120mb', index_thread_qty_during_force_merge=4, cb_threshold='50%', number_of_indexing_clients=1, use_routing=False, quantization_type=<OSSOpenSearchQuantization.NONE: 'None'>, confidence_interval=None, clip=False, replication_type='DOCUMENT', knn_derived_source_enabled=False, memory_optimized_search=False, on_disk=False, compression_level='32x', oversample_factor=1.0), case_config=CaseConfig(case_id=<CaseType.PerformanceCustomDataset: 101>, custom_case={'name': 'deneysel-custom', 'description': 'DeneyselRAG kendi PDF korpusu', 'load_timeout': 36000, 'optimize_timeout': 36000, 'dataset_config': {'name': 'deneysel', 'dir': 'deneysel_nvidia_nv_embedqa_e5_v5', 'size': '942', 'dim': '1024', 'metric_type': 'Cosine', 'file_count': '1', 'use_shuffled': False, 'with_gt': True}}, k=10, concurrency_search_config=ConcurrencySearchConfig(num_concurrency=[1, 4, 8], concurrency_duration=30, concurrency_timeout=3600)), stages=['drop_old', 'load', 'search_serial', 'search_concurrent'], load_concurrency=0)
 (cli.py:659)
2026-07-27 11:27:45,891 | INFO |generated uuid for the tasks: d71e5a609fc04928846cb5e0db21d035 (interface.py:73)
2026-07-27 11:27:46,178 | INFO | DB             | CaseType     Dataset               Filter | task_label (task_runner.py:411)
2026-07-27 11:27:46,178 | INFO | -----------    | ------------ -------------------- ------- | -------    (task_runner.py:411)
2026-07-27 11:27:46,179 | INFO | OSSOpenSearch  | Performance  deneysel-Custom-942      0.0 | d71e5a609fc04928846cb5e0db21d035 (task_runner.py:411)
2026-07-27 11:27:46,179 | INFO |task submitted: id=d71e5a609fc04928846cb5e0db21d035, d71e5a609fc04928846cb5e0db21d035, case number: 1 (interface.py:248)
2026-07-27 11:27:47,182 | INFO |[1/1] start case: {'label': <CaseLabel.Performance: 2>, 'name': 'deneysel-custom', 'dataset': {'data': {'name': 'deneysel', 'size': 942, 'dim': 1024, 'metric_type': <MetricType.COSINE: 'COSINE'>}}, 'db': 'OSSOpenSearch'}, drop_old=True (interface.py:178)
2026-07-27 11:27:47,182 | INFO |Starting run (task_runner.py:149)
2026-07-27 11:27:47,422 | INFO |OSS_OpenSearch client config: {'hosts': [{'host': 'localhost', 'port': 9200}], 'http_auth': ('admin', 'Sifre123!_UzunVeGuclu'), 'use_ssl': False, 'http_compress': True, 'verify_certs': False, 'ssl_assert_hostname': False, 'ssl_show_warn': False, 'timeout': 600} (oss_opensearch.py:221)
2026-07-27 11:27:47,422 | INFO |OSS_OpenSearch db case config: metric_type=<MetricType.COSINE: 'COSINE'> engine=<OSSOS_Engine.faiss: 'faiss'> efConstruction=256 efSearch=64 engine_name=None metric_type_name=None M=16 index_thread_qty=4 number_of_shards=1 number_of_replicas=0 number_of_segments=1 refresh_interval='60s' force_merge_enabled=True flush_threshold_size='5120mb' index_thread_qty_during_force_merge=4 cb_threshold='50%' number_of_indexing_clients=1 use_routing=False quantization_type=<OSSOpenSearchQuantization.NONE: 'None'> confidence_interval=None clip=False replication_type='DOCUMENT' knn_derived_source_enabled=False memory_optimized_search=False on_disk=False compression_level='32x' oversample_factor=1.0 (oss_opensearch.py:222)
2026-07-27 11:27:47,423 | INFO |OSS_OpenSearch client drop old index: vdb_bench_index (oss_opensearch.py:229)
2026-07-27 11:27:47,437 | INFO |Creating index with ef_search: 64 (oss_opensearch.py:318)
2026-07-27 11:27:47,437 | INFO |Creating index with number_of_replicas: 0 (oss_opensearch.py:319)
2026-07-27 11:27:47,438 | INFO |Creating index with replication_type: DOCUMENT (oss_opensearch.py:320)
2026-07-27 11:27:47,438 | INFO |Creating index with knn_derived_source_enabled: False (oss_opensearch.py:321)
2026-07-27 11:27:47,438 | INFO |Creating index with engine: OSSOS_Engine.faiss (oss_opensearch.py:322)
2026-07-27 11:27:47,438 | INFO |Creating index with metric type: None (oss_opensearch.py:323)
2026-07-27 11:27:47,438 | INFO |Creating index with memory_optimized_search: False (oss_opensearch.py:324)
2026-07-27 11:27:47,439 | INFO |All case_config parameters: {'metric_type': <MetricType.COSINE: 'COSINE'>, 'engine': <OSSOS_Engine.faiss: 'faiss'>, 'efConstruction': 256, 'efSearch': 64, 'engine_name': None, 'metric_type_name': None, 'M': 16, 'index_thread_qty': 4, 'number_of_shards': 1, 'number_of_replicas': 0, 'number_of_segments': 1, 'refresh_interval': '60s', 'force_merge_enabled': True, 'flush_threshold_size': '5120mb', 'index_thread_qty_during_force_merge': 4, 'cb_threshold': '50%', 'number_of_indexing_clients': 1, 'use_routing': False, 'quantization_type': <OSSOpenSearchQuantization.NONE: 'None'>, 'confidence_interval': None, 'clip': False, 'replication_type': 'DOCUMENT', 'knn_derived_source_enabled': False, 'memory_optimized_search': False, 'on_disk': False, 'compression_level': '32x', 'oversample_factor': 1.0} (oss_opensearch.py:325)
2026-07-27 11:27:47,495 | INFO |Successfully updated cluster settings for index creation (oss_opensearch.py:62)
2026-07-27 11:27:47,498 | INFO |User specified metric_type: None (config.py:183)
2026-07-27 11:27:47,498 | WARNING |[1/1] case {'label': <CaseLabel.Performance: 2>, 'name': 'deneysel-custom', 'dataset': {'data': {'name': 'deneysel', 'size': 942, 'dim': 1024, 'metric_type': <MetricType.COSINE: 'COSINE'>}}, 'db': 'OSSOpenSearch'} failed to run, reason='NoneType' object has no attribute 'upper' (interface.py:200)
2026-07-27 11:27:47,502 | INFO |Task summary: run_id=d71e5, task_label=d71e5a609fc04928846cb5e0db21d035 (models.py:478)
2026-07-27 11:27:47,502 | INFO |DB            | db_label case            label                            | load_dur    qps        latency(p99)    latency(p95)    recall        max_load_count | label (models.py:478)
2026-07-27 11:27:47,502 | INFO |------------- | -------- --------------- -------------------------------- | ----------- ---------- --------------- --------------- ------------- -------------- | ----- (models.py:478)
2026-07-27 11:27:47,502 | INFO |OSSOpenSearch |          deneysel-custom d71e5a609fc04928846cb5e0db21d035 | 0.0         0.0        0.0             0.0             0.0           0              | x     (models.py:478)
2026-07-27 11:27:47,503 | INFO |write results to disk C:\Users\tft\DeneyselRAG\env\Lib\site-packages\vectordb_bench\results\OSSOpenSearch\result_20260727_d71e5a609fc04928846cb5e0db21d035_ossopensearch.json (models.py:315)
2026-07-27 11:27:47,504 | INFO |Success to finish task: label=d71e5a609fc04928846cb5e0db21d035, run_id=d71e5a609fc04928846cb5e0db21d035 (interface.py:219)
2026-07-27 11:27:49,718 | INFO |Task:
TaskConfig(db=<DB.OSSOpenSearch: 'OSSOpenSearch'>, db_config=OSSOpenSearchConfig(db_label='', version='', note='', host='localhost', port=9200, user='admin', password=SecretStr('**********')), db_case_config=OSSOpenSearchIndexConfig(metric_type=<MetricType.L2: 'L2'>, engine=<OSSOS_Engine.faiss: 'faiss'>, efConstruction=256, efSearch=128, engine_name=None, metric_type_name=None, M=16, index_thread_qty=4, number_of_shards=1, number_of_replicas=0, number_of_segments=1, refresh_interval='60s', force_merge_enabled=True, flush_threshold_size='5120mb', index_thread_qty_during_force_merge=4, cb_threshold='50%', number_of_indexing_clients=1, use_routing=False, quantization_type=<OSSOpenSearchQuantization.NONE: 'None'>, confidence_interval=None, clip=False, replication_type='DOCUMENT', knn_derived_source_enabled=False, memory_optimized_search=False, on_disk=False, compression_level='32x', oversample_factor=1.0), case_config=CaseConfig(case_id=<CaseType.PerformanceCustomDataset: 101>, custom_case={'name': 'deneysel-custom', 'description': 'DeneyselRAG kendi PDF korpusu', 'load_timeout': 36000, 'optimize_timeout': 36000, 'dataset_config': {'name': 'deneysel', 'dir': 'deneysel_nvidia_nv_embedqa_e5_v5', 'size': '942', 'dim': '1024', 'metric_type': 'Cosine', 'file_count': '1', 'use_shuffled': False, 'with_gt': True}}, k=10, concurrency_search_config=ConcurrencySearchConfig(num_concurrency=[1, 4, 8], concurrency_duration=30, concurrency_timeout=3600)), stages=['drop_old', 'load', 'search_serial', 'search_concurrent'], load_concurrency=0)
 (cli.py:659)
2026-07-27 11:27:49,718 | INFO |generated uuid for the tasks: bd74544f9e074b8e89625f2750add392 (interface.py:73)
2026-07-27 11:27:50,008 | INFO | DB             | CaseType     Dataset               Filter | task_label (task_runner.py:411)
2026-07-27 11:27:50,008 | INFO | -----------    | ------------ -------------------- ------- | -------    (task_runner.py:411)
2026-07-27 11:27:50,008 | INFO | OSSOpenSearch  | Performance  deneysel-Custom-942      0.0 | bd74544f9e074b8e89625f2750add392 (task_runner.py:411)
2026-07-27 11:27:50,009 | INFO |task submitted: id=bd74544f9e074b8e89625f2750add392, bd74544f9e074b8e89625f2750add392, case number: 1 (interface.py:248)
2026-07-27 11:27:51,046 | INFO |[1/1] start case: {'label': <CaseLabel.Performance: 2>, 'name': 'deneysel-custom', 'dataset': {'data': {'name': 'deneysel', 'size': 942, 'dim': 1024, 'metric_type': <MetricType.COSINE: 'COSINE'>}}, 'db': 'OSSOpenSearch'}, drop_old=True (interface.py:178)
2026-07-27 11:27:51,047 | INFO |Starting run (task_runner.py:149)
2026-07-27 11:27:51,283 | INFO |OSS_OpenSearch client config: {'hosts': [{'host': 'localhost', 'port': 9200}], 'http_auth': ('admin', 'Sifre123!_UzunVeGuclu'), 'use_ssl': False, 'http_compress': True, 'verify_certs': False, 'ssl_assert_hostname': False, 'ssl_show_warn': False, 'timeout': 600} (oss_opensearch.py:221)
2026-07-27 11:27:51,284 | INFO |OSS_OpenSearch db case config: metric_type=<MetricType.COSINE: 'COSINE'> engine=<OSSOS_Engine.faiss: 'faiss'> efConstruction=256 efSearch=128 engine_name=None metric_type_name=None M=16 index_thread_qty=4 number_of_shards=1 number_of_replicas=0 number_of_segments=1 refresh_interval='60s' force_merge_enabled=True flush_threshold_size='5120mb' index_thread_qty_during_force_merge=4 cb_threshold='50%' number_of_indexing_clients=1 use_routing=False quantization_type=<OSSOpenSearchQuantization.NONE: 'None'> confidence_interval=None clip=False replication_type='DOCUMENT' knn_derived_source_enabled=False memory_optimized_search=False on_disk=False compression_level='32x' oversample_factor=1.0 (oss_opensearch.py:222)
2026-07-27 11:27:51,284 | INFO |OSS_OpenSearch client drop old index: vdb_bench_index (oss_opensearch.py:229)
2026-07-27 11:27:51,308 | INFO |Creating index with ef_search: 128 (oss_opensearch.py:318)
2026-07-27 11:27:51,308 | INFO |Creating index with number_of_replicas: 0 (oss_opensearch.py:319)
2026-07-27 11:27:51,309 | INFO |Creating index with replication_type: DOCUMENT (oss_opensearch.py:320)
2026-07-27 11:27:51,309 | INFO |Creating index with knn_derived_source_enabled: False (oss_opensearch.py:321)
2026-07-27 11:27:51,309 | INFO |Creating index with engine: OSSOS_Engine.faiss (oss_opensearch.py:322)
2026-07-27 11:27:51,309 | INFO |Creating index with metric type: None (oss_opensearch.py:323)
2026-07-27 11:27:51,309 | INFO |Creating index with memory_optimized_search: False (oss_opensearch.py:324)
2026-07-27 11:27:51,309 | INFO |All case_config parameters: {'metric_type': <MetricType.COSINE: 'COSINE'>, 'engine': <OSSOS_Engine.faiss: 'faiss'>, 'efConstruction': 256, 'efSearch': 128, 'engine_name': None, 'metric_type_name': None, 'M': 16, 'index_thread_qty': 4, 'number_of_shards': 1, 'number_of_replicas': 0, 'number_of_segments': 1, 'refresh_interval': '60s', 'force_merge_enabled': True, 'flush_threshold_size': '5120mb', 'index_thread_qty_during_force_merge': 4, 'cb_threshold': '50%', 'number_of_indexing_clients': 1, 'use_routing': False, 'quantization_type': <OSSOpenSearchQuantization.NONE: 'None'>, 'confidence_interval': None, 'clip': False, 'replication_type': 'DOCUMENT', 'knn_derived_source_enabled': False, 'memory_optimized_search': False, 'on_disk': False, 'compression_level': '32x', 'oversample_factor': 1.0} (oss_opensearch.py:325)
2026-07-27 11:27:51,365 | INFO |Successfully updated cluster settings for index creation (oss_opensearch.py:62)
2026-07-27 11:27:51,368 | INFO |User specified metric_type: None (config.py:183)
2026-07-27 11:27:51,369 | WARNING |[1/1] case {'label': <CaseLabel.Performance: 2>, 'name': 'deneysel-custom', 'dataset': {'data': {'name': 'deneysel', 'size': 942, 'dim': 1024, 'metric_type': <MetricType.COSINE: 'COSINE'>}}, 'db': 'OSSOpenSearch'} failed to run, reason='NoneType' object has no attribute 'upper' (interface.py:200)
2026-07-27 11:27:51,373 | INFO |Task summary: run_id=bd745, task_label=bd74544f9e074b8e89625f2750add392 (models.py:478)
2026-07-27 11:27:51,373 | INFO |DB            | db_label case            label                            | load_dur    qps        latency(p99)    latency(p95)    recall        max_load_count | label (models.py:478)
2026-07-27 11:27:51,374 | INFO |------------- | -------- --------------- -------------------------------- | ----------- ---------- --------------- --------------- ------------- -------------- | ----- (models.py:478)
2026-07-27 11:27:51,374 | INFO |OSSOpenSearch |          deneysel-custom bd74544f9e074b8e89625f2750add392 | 0.0         0.0        0.0             0.0             0.0           0              | x     (models.py:478)
2026-07-27 11:27:51,374 | INFO |write results to disk C:\Users\tft\DeneyselRAG\env\Lib\site-packages\vectordb_bench\results\OSSOpenSearch\result_20260727_bd74544f9e074b8e89625f2750add392_ossopensearch.json (models.py:315)
2026-07-27 11:27:51,376 | INFO |Success to finish task: label=bd74544f9e074b8e89625f2750add392, run_id=bd74544f9e074b8e89625f2750add392 (interface.py:219)
2026-07-27 11:27:53,588 | INFO |Task:
TaskConfig(db=<DB.OSSOpenSearch: 'OSSOpenSearch'>, db_config=OSSOpenSearchConfig(db_label='', version='', note='', host='localhost', port=9200, user='admin', password=SecretStr('**********')), db_case_config=OSSOpenSearchIndexConfig(metric_type=<MetricType.L2: 'L2'>, engine=<OSSOS_Engine.faiss: 'faiss'>, efConstruction=256, efSearch=256, engine_name=None, metric_type_name=None, M=16, index_thread_qty=4, number_of_shards=1, number_of_replicas=0, number_of_segments=1, refresh_interval='60s', force_merge_enabled=True, flush_threshold_size='5120mb', index_thread_qty_during_force_merge=4, cb_threshold='50%', number_of_indexing_clients=1, use_routing=False, quantization_type=<OSSOpenSearchQuantization.NONE: 'None'>, confidence_interval=None, clip=False, replication_type='DOCUMENT', knn_derived_source_enabled=False, memory_optimized_search=False, on_disk=False, compression_level='32x', oversample_factor=1.0), case_config=CaseConfig(case_id=<CaseType.PerformanceCustomDataset: 101>, custom_case={'name': 'deneysel-custom', 'description': 'DeneyselRAG kendi PDF korpusu', 'load_timeout': 36000, 'optimize_timeout': 36000, 'dataset_config': {'name': 'deneysel', 'dir': 'deneysel_nvidia_nv_embedqa_e5_v5', 'size': '942', 'dim': '1024', 'metric_type': 'Cosine', 'file_count': '1', 'use_shuffled': False, 'with_gt': True}}, k=10, concurrency_search_config=ConcurrencySearchConfig(num_concurrency=[1, 4, 8], concurrency_duration=30, concurrency_timeout=3600)), stages=['drop_old', 'load', 'search_serial', 'search_concurrent'], load_concurrency=0)
 (cli.py:659)
2026-07-27 11:27:53,588 | INFO |generated uuid for the tasks: be3f483f0a4341d990c0ba66f47dbe55 (interface.py:73)
2026-07-27 11:27:53,875 | INFO | DB             | CaseType     Dataset               Filter | task_label (task_runner.py:411)
2026-07-27 11:27:53,876 | INFO | -----------    | ------------ -------------------- ------- | -------    (task_runner.py:411)
2026-07-27 11:27:53,876 | INFO | OSSOpenSearch  | Performance  deneysel-Custom-942      0.0 | be3f483f0a4341d990c0ba66f47dbe55 (task_runner.py:411)
2026-07-27 11:27:53,876 | INFO |task submitted: id=be3f483f0a4341d990c0ba66f47dbe55, be3f483f0a4341d990c0ba66f47dbe55, case number: 1 (interface.py:248)
2026-07-27 11:27:54,911 | INFO |[1/1] start case: {'label': <CaseLabel.Performance: 2>, 'name': 'deneysel-custom', 'dataset': {'data': {'name': 'deneysel', 'size': 942, 'dim': 1024, 'metric_type': <MetricType.COSINE: 'COSINE'>}}, 'db': 'OSSOpenSearch'}, drop_old=True (interface.py:178)
2026-07-27 11:27:54,912 | INFO |Starting run (task_runner.py:149)
2026-07-27 11:27:55,149 | INFO |OSS_OpenSearch client config: {'hosts': [{'host': 'localhost', 'port': 9200}], 'http_auth': ('admin', 'Sifre123!_UzunVeGuclu'), 'use_ssl': False, 'http_compress': True, 'verify_certs': False, 'ssl_assert_hostname': False, 'ssl_show_warn': False, 'timeout': 600} (oss_opensearch.py:221)
2026-07-27 11:27:55,150 | INFO |OSS_OpenSearch db case config: metric_type=<MetricType.COSINE: 'COSINE'> engine=<OSSOS_Engine.faiss: 'faiss'> efConstruction=256 efSearch=256 engine_name=None metric_type_name=None M=16 index_thread_qty=4 number_of_shards=1 number_of_replicas=0 number_of_segments=1 refresh_interval='60s' force_merge_enabled=True flush_threshold_size='5120mb' index_thread_qty_during_force_merge=4 cb_threshold='50%' number_of_indexing_clients=1 use_routing=False quantization_type=<OSSOpenSearchQuantization.NONE: 'None'> confidence_interval=None clip=False replication_type='DOCUMENT' knn_derived_source_enabled=False memory_optimized_search=False on_disk=False compression_level='32x' oversample_factor=1.0 (oss_opensearch.py:222)
2026-07-27 11:27:55,150 | INFO |OSS_OpenSearch client drop old index: vdb_bench_index (oss_opensearch.py:229)
2026-07-27 11:27:55,174 | INFO |Creating index with ef_search: 256 (oss_opensearch.py:318)
2026-07-27 11:27:55,174 | INFO |Creating index with number_of_replicas: 0 (oss_opensearch.py:319)
2026-07-27 11:27:55,174 | INFO |Creating index with replication_type: DOCUMENT (oss_opensearch.py:320)
2026-07-27 11:27:55,175 | INFO |Creating index with knn_derived_source_enabled: False (oss_opensearch.py:321)
2026-07-27 11:27:55,175 | INFO |Creating index with engine: OSSOS_Engine.faiss (oss_opensearch.py:322)
2026-07-27 11:27:55,175 | INFO |Creating index with metric type: None (oss_opensearch.py:323)
2026-07-27 11:27:55,175 | INFO |Creating index with memory_optimized_search: False (oss_opensearch.py:324)
2026-07-27 11:27:55,175 | INFO |All case_config parameters: {'metric_type': <MetricType.COSINE: 'COSINE'>, 'engine': <OSSOS_Engine.faiss: 'faiss'>, 'efConstruction': 256, 'efSearch': 256, 'engine_name': None, 'metric_type_name': None, 'M': 16, 'index_thread_qty': 4, 'number_of_shards': 1, 'number_of_replicas': 0, 'number_of_segments': 1, 'refresh_interval': '60s', 'force_merge_enabled': True, 'flush_threshold_size': '5120mb', 'index_thread_qty_during_force_merge': 4, 'cb_threshold': '50%', 'number_of_indexing_clients': 1, 'use_routing': False, 'quantization_type': <OSSOpenSearchQuantization.NONE: 'None'>, 'confidence_interval': None, 'clip': False, 'replication_type': 'DOCUMENT', 'knn_derived_source_enabled': False, 'memory_optimized_search': False, 'on_disk': False, 'compression_level': '32x', 'oversample_factor': 1.0} (oss_opensearch.py:325)
2026-07-27 11:27:55,228 | INFO |Successfully updated cluster settings for index creation (oss_opensearch.py:62)
2026-07-27 11:27:55,231 | INFO |User specified metric_type: None (config.py:183)
2026-07-27 11:27:55,232 | WARNING |[1/1] case {'label': <CaseLabel.Performance: 2>, 'name': 'deneysel-custom', 'dataset': {'data': {'name': 'deneysel', 'size': 942, 'dim': 1024, 'metric_type': <MetricType.COSINE: 'COSINE'>}}, 'db': 'OSSOpenSearch'} failed to run, reason='NoneType' object has no attribute 'upper' (interface.py:200)
2026-07-27 11:27:55,236 | INFO |Task summary: run_id=be3f4, task_label=be3f483f0a4341d990c0ba66f47dbe55 (models.py:478)
2026-07-27 11:27:55,237 | INFO |DB            | db_label case            label                            | load_dur    qps        latency(p99)    latency(p95)    recall        max_load_count | label (models.py:478)
2026-07-27 11:27:55,237 | INFO |------------- | -------- --------------- -------------------------------- | ----------- ---------- --------------- --------------- ------------- -------------- | ----- (models.py:478)
2026-07-27 11:27:55,237 | INFO |OSSOpenSearch |          deneysel-custom be3f483f0a4341d990c0ba66f47dbe55 | 0.0         0.0        0.0             0.0             0.0           0              | x     (models.py:478)
2026-07-27 11:27:55,238 | INFO |write results to disk C:\Users\tft\DeneyselRAG\env\Lib\site-packages\vectordb_bench\results\OSSOpenSearch\result_20260727_be3f483f0a4341d990c0ba66f47dbe55_ossopensearch.json (models.py:315)
2026-07-27 11:27:55,239 | INFO |Success to finish task: label=be3f483f0a4341d990c0ba66f47dbe55, run_id=be3f483f0a4341d990c0ba66f47dbe55 (interface.py:219)
2026-07-27 11:27:57,405 | INFO |Task:
TaskConfig(db=<DB.OSSOpenSearch: 'OSSOpenSearch'>, db_config=OSSOpenSearchConfig(db_label='', version='', note='', host='localhost', port=9200, user='admin', password=SecretStr('**********')), db_case_config=OSSOpenSearchIndexConfig(metric_type=<MetricType.L2: 'L2'>, engine=<OSSOS_Engine.faiss: 'faiss'>, efConstruction=256, efSearch=32, engine_name=None, metric_type_name=None, M=32, index_thread_qty=4, number_of_shards=1, number_of_replicas=0, number_of_segments=1, refresh_interval='60s', force_merge_enabled=True, flush_threshold_size='5120mb', index_thread_qty_during_force_merge=4, cb_threshold='50%', number_of_indexing_clients=1, use_routing=False, quantization_type=<OSSOpenSearchQuantization.NONE: 'None'>, confidence_interval=None, clip=False, replication_type='DOCUMENT', knn_derived_source_enabled=False, memory_optimized_search=False, on_disk=False, compression_level='32x', oversample_factor=1.0), case_config=CaseConfig(case_id=<CaseType.PerformanceCustomDataset: 101>, custom_case={'name': 'deneysel-custom', 'description': 'DeneyselRAG kendi PDF korpusu', 'load_timeout': 36000, 'optimize_timeout': 36000, 'dataset_config': {'name': 'deneysel', 'dir': 'deneysel_nvidia_nv_embedqa_e5_v5', 'size': '942', 'dim': '1024', 'metric_type': 'Cosine', 'file_count': '1', 'use_shuffled': False, 'with_gt': True}}, k=10, concurrency_search_config=ConcurrencySearchConfig(num_concurrency=[1, 4, 8], concurrency_duration=30, concurrency_timeout=3600)), stages=['drop_old', 'load', 'search_serial', 'search_concurrent'], load_concurrency=0)
 (cli.py:659)
2026-07-27 11:27:57,406 | INFO |generated uuid for the tasks: 352edec4f85c4c448e3a2fdb9633765d (interface.py:73)
2026-07-27 11:27:57,703 | INFO | DB             | CaseType     Dataset               Filter | task_label (task_runner.py:411)
2026-07-27 11:27:57,704 | INFO | -----------    | ------------ -------------------- ------- | -------    (task_runner.py:411)
2026-07-27 11:27:57,704 | INFO | OSSOpenSearch  | Performance  deneysel-Custom-942      0.0 | 352edec4f85c4c448e3a2fdb9633765d (task_runner.py:411)
2026-07-27 11:27:57,704 | INFO |task submitted: id=352edec4f85c4c448e3a2fdb9633765d, 352edec4f85c4c448e3a2fdb9633765d, case number: 1 (interface.py:248)
2026-07-27 11:27:58,709 | INFO |[1/1] start case: {'label': <CaseLabel.Performance: 2>, 'name': 'deneysel-custom', 'dataset': {'data': {'name': 'deneysel', 'size': 942, 'dim': 1024, 'metric_type': <MetricType.COSINE: 'COSINE'>}}, 'db': 'OSSOpenSearch'}, drop_old=True (interface.py:178)
2026-07-27 11:27:58,709 | INFO |Starting run (task_runner.py:149)
2026-07-27 11:27:58,964 | INFO |OSS_OpenSearch client config: {'hosts': [{'host': 'localhost', 'port': 9200}], 'http_auth': ('admin', 'Sifre123!_UzunVeGuclu'), 'use_ssl': False, 'http_compress': True, 'verify_certs': False, 'ssl_assert_hostname': False, 'ssl_show_warn': False, 'timeout': 600} (oss_opensearch.py:221)
2026-07-27 11:27:58,965 | INFO |OSS_OpenSearch db case config: metric_type=<MetricType.COSINE: 'COSINE'> engine=<OSSOS_Engine.faiss: 'faiss'> efConstruction=256 efSearch=32 engine_name=None metric_type_name=None M=32 index_thread_qty=4 number_of_shards=1 number_of_replicas=0 number_of_segments=1 refresh_interval='60s' force_merge_enabled=True flush_threshold_size='5120mb' index_thread_qty_during_force_merge=4 cb_threshold='50%' number_of_indexing_clients=1 use_routing=False quantization_type=<OSSOpenSearchQuantization.NONE: 'None'> confidence_interval=None clip=False replication_type='DOCUMENT' knn_derived_source_enabled=False memory_optimized_search=False on_disk=False compression_level='32x' oversample_factor=1.0 (oss_opensearch.py:222)
2026-07-27 11:27:58,965 | INFO |OSS_OpenSearch client drop old index: vdb_bench_index (oss_opensearch.py:229)
2026-07-27 11:27:58,980 | INFO |Creating index with ef_search: 32 (oss_opensearch.py:318)
2026-07-27 11:27:58,980 | INFO |Creating index with number_of_replicas: 0 (oss_opensearch.py:319)
2026-07-27 11:27:58,980 | INFO |Creating index with replication_type: DOCUMENT (oss_opensearch.py:320)
2026-07-27 11:27:58,981 | INFO |Creating index with knn_derived_source_enabled: False (oss_opensearch.py:321)
2026-07-27 11:27:58,981 | INFO |Creating index with engine: OSSOS_Engine.faiss (oss_opensearch.py:322)
2026-07-27 11:27:58,981 | INFO |Creating index with metric type: None (oss_opensearch.py:323)
2026-07-27 11:27:58,981 | INFO |Creating index with memory_optimized_search: False (oss_opensearch.py:324)
2026-07-27 11:27:58,981 | INFO |All case_config parameters: {'metric_type': <MetricType.COSINE: 'COSINE'>, 'engine': <OSSOS_Engine.faiss: 'faiss'>, 'efConstruction': 256, 'efSearch': 32, 'engine_name': None, 'metric_type_name': None, 'M': 32, 'index_thread_qty': 4, 'number_of_shards': 1, 'number_of_replicas': 0, 'number_of_segments': 1, 'refresh_interval': '60s', 'force_merge_enabled': True, 'flush_threshold_size': '5120mb', 'index_thread_qty_during_force_merge': 4, 'cb_threshold': '50%', 'number_of_indexing_clients': 1, 'use_routing': False, 'quantization_type': <OSSOpenSearchQuantization.NONE: 'None'>, 'confidence_interval': None, 'clip': False, 'replication_type': 'DOCUMENT', 'knn_derived_source_enabled': False, 'memory_optimized_search': False, 'on_disk': False, 'compression_level': '32x', 'oversample_factor': 1.0} (oss_opensearch.py:325)
2026-07-27 11:27:59,040 | INFO |Successfully updated cluster settings for index creation (oss_opensearch.py:62)
2026-07-27 11:27:59,043 | INFO |User specified metric_type: None (config.py:183)
2026-07-27 11:27:59,044 | WARNING |[1/1] case {'label': <CaseLabel.Performance: 2>, 'name': 'deneysel-custom', 'dataset': {'data': {'name': 'deneysel', 'size': 942, 'dim': 1024, 'metric_type': <MetricType.COSINE: 'COSINE'>}}, 'db': 'OSSOpenSearch'} failed to run, reason='NoneType' object has no attribute 'upper' (interface.py:200)
2026-07-27 11:27:59,048 | INFO |Task summary: run_id=352ed, task_label=352edec4f85c4c448e3a2fdb9633765d (models.py:478)
2026-07-27 11:27:59,048 | INFO |DB            | db_label case            label                            | load_dur    qps        latency(p99)    latency(p95)    recall        max_load_count | label (models.py:478)
2026-07-27 11:27:59,048 | INFO |------------- | -------- --------------- -------------------------------- | ----------- ---------- --------------- --------------- ------------- -------------- | ----- (models.py:478)
2026-07-27 11:27:59,049 | INFO |OSSOpenSearch |          deneysel-custom 352edec4f85c4c448e3a2fdb9633765d | 0.0         0.0        0.0             0.0             0.0           0              | x     (models.py:478)
2026-07-27 11:27:59,049 | INFO |write results to disk C:\Users\tft\DeneyselRAG\env\Lib\site-packages\vectordb_bench\results\OSSOpenSearch\result_20260727_352edec4f85c4c448e3a2fdb9633765d_ossopensearch.json (models.py:315)
2026-07-27 11:27:59,051 | INFO |Success to finish task: label=352edec4f85c4c448e3a2fdb9633765d, run_id=352edec4f85c4c448e3a2fdb9633765d (interface.py:219)
2026-07-27 11:28:01,304 | INFO |Task:
TaskConfig(db=<DB.OSSOpenSearch: 'OSSOpenSearch'>, db_config=OSSOpenSearchConfig(db_label='', version='', note='', host='localhost', port=9200, user='admin', password=SecretStr('**********')), db_case_config=OSSOpenSearchIndexConfig(metric_type=<MetricType.L2: 'L2'>, engine=<OSSOS_Engine.faiss: 'faiss'>, efConstruction=256, efSearch=64, engine_name=None, metric_type_name=None, M=32, index_thread_qty=4, number_of_shards=1, number_of_replicas=0, number_of_segments=1, refresh_interval='60s', force_merge_enabled=True, flush_threshold_size='5120mb', index_thread_qty_during_force_merge=4, cb_threshold='50%', number_of_indexing_clients=1, use_routing=False, quantization_type=<OSSOpenSearchQuantization.NONE: 'None'>, confidence_interval=None, clip=False, replication_type='DOCUMENT', knn_derived_source_enabled=False, memory_optimized_search=False, on_disk=False, compression_level='32x', oversample_factor=1.0), case_config=CaseConfig(case_id=<CaseType.PerformanceCustomDataset: 101>, custom_case={'name': 'deneysel-custom', 'description': 'DeneyselRAG kendi PDF korpusu', 'load_timeout': 36000, 'optimize_timeout': 36000, 'dataset_config': {'name': 'deneysel', 'dir': 'deneysel_nvidia_nv_embedqa_e5_v5', 'size': '942', 'dim': '1024', 'metric_type': 'Cosine', 'file_count': '1', 'use_shuffled': False, 'with_gt': True}}, k=10, concurrency_search_config=ConcurrencySearchConfig(num_concurrency=[1, 4, 8], concurrency_duration=30, concurrency_timeout=3600)), stages=['drop_old', 'load', 'search_serial', 'search_concurrent'], load_concurrency=0)
 (cli.py:659)
2026-07-27 11:28:01,305 | INFO |generated uuid for the tasks: 29c5b859268949aea84336e84fe2412e (interface.py:73)
2026-07-27 11:28:01,594 | INFO | DB             | CaseType     Dataset               Filter | task_label (task_runner.py:411)
2026-07-27 11:28:01,594 | INFO | -----------    | ------------ -------------------- ------- | -------    (task_runner.py:411)
2026-07-27 11:28:01,595 | INFO | OSSOpenSearch  | Performance  deneysel-Custom-942      0.0 | 29c5b859268949aea84336e84fe2412e (task_runner.py:411)
2026-07-27 11:28:01,595 | INFO |task submitted: id=29c5b859268949aea84336e84fe2412e, 29c5b859268949aea84336e84fe2412e, case number: 1 (interface.py:248)
2026-07-27 11:28:02,624 | INFO |[1/1] start case: {'label': <CaseLabel.Performance: 2>, 'name': 'deneysel-custom', 'dataset': {'data': {'name': 'deneysel', 'size': 942, 'dim': 1024, 'metric_type': <MetricType.COSINE: 'COSINE'>}}, 'db': 'OSSOpenSearch'}, drop_old=True (interface.py:178)
2026-07-27 11:28:02,625 | INFO |Starting run (task_runner.py:149)
2026-07-27 11:28:02,870 | INFO |OSS_OpenSearch client config: {'hosts': [{'host': 'localhost', 'port': 9200}], 'http_auth': ('admin', 'Sifre123!_UzunVeGuclu'), 'use_ssl': False, 'http_compress': True, 'verify_certs': False, 'ssl_assert_hostname': False, 'ssl_show_warn': False, 'timeout': 600} (oss_opensearch.py:221)
2026-07-27 11:28:02,870 | INFO |OSS_OpenSearch db case config: metric_type=<MetricType.COSINE: 'COSINE'> engine=<OSSOS_Engine.faiss: 'faiss'> efConstruction=256 efSearch=64 engine_name=None metric_type_name=None M=32 index_thread_qty=4 number_of_shards=1 number_of_replicas=0 number_of_segments=1 refresh_interval='60s' force_merge_enabled=True flush_threshold_size='5120mb' index_thread_qty_during_force_merge=4 cb_threshold='50%' number_of_indexing_clients=1 use_routing=False quantization_type=<OSSOpenSearchQuantization.NONE: 'None'> confidence_interval=None clip=False replication_type='DOCUMENT' knn_derived_source_enabled=False memory_optimized_search=False on_disk=False compression_level='32x' oversample_factor=1.0 (oss_opensearch.py:222)
2026-07-27 11:28:02,871 | INFO |OSS_OpenSearch client drop old index: vdb_bench_index (oss_opensearch.py:229)
2026-07-27 11:28:02,886 | INFO |Creating index with ef_search: 64 (oss_opensearch.py:318)
2026-07-27 11:28:02,886 | INFO |Creating index with number_of_replicas: 0 (oss_opensearch.py:319)
2026-07-27 11:28:02,887 | INFO |Creating index with replication_type: DOCUMENT (oss_opensearch.py:320)
2026-07-27 11:28:02,887 | INFO |Creating index with knn_derived_source_enabled: False (oss_opensearch.py:321)
2026-07-27 11:28:02,887 | INFO |Creating index with engine: OSSOS_Engine.faiss (oss_opensearch.py:322)
2026-07-27 11:28:02,888 | INFO |Creating index with metric type: None (oss_opensearch.py:323)
2026-07-27 11:28:02,888 | INFO |Creating index with memory_optimized_search: False (oss_opensearch.py:324)
2026-07-27 11:28:02,888 | INFO |All case_config parameters: {'metric_type': <MetricType.COSINE: 'COSINE'>, 'engine': <OSSOS_Engine.faiss: 'faiss'>, 'efConstruction': 256, 'efSearch': 64, 'engine_name': None, 'metric_type_name': None, 'M': 32, 'index_thread_qty': 4, 'number_of_shards': 1, 'number_of_replicas': 0, 'number_of_segments': 1, 'refresh_interval': '60s', 'force_merge_enabled': True, 'flush_threshold_size': '5120mb', 'index_thread_qty_during_force_merge': 4, 'cb_threshold': '50%', 'number_of_indexing_clients': 1, 'use_routing': False, 'quantization_type': <OSSOpenSearchQuantization.NONE: 'None'>, 'confidence_interval': None, 'clip': False, 'replication_type': 'DOCUMENT', 'knn_derived_source_enabled': False, 'memory_optimized_search': False, 'on_disk': False, 'compression_level': '32x', 'oversample_factor': 1.0} (oss_opensearch.py:325)
2026-07-27 11:28:02,940 | INFO |Successfully updated cluster settings for index creation (oss_opensearch.py:62)
2026-07-27 11:28:02,942 | INFO |User specified metric_type: None (config.py:183)
2026-07-27 11:28:02,943 | WARNING |[1/1] case {'label': <CaseLabel.Performance: 2>, 'name': 'deneysel-custom', 'dataset': {'data': {'name': 'deneysel', 'size': 942, 'dim': 1024, 'metric_type': <MetricType.COSINE: 'COSINE'>}}, 'db': 'OSSOpenSearch'} failed to run, reason='NoneType' object has no attribute 'upper' (interface.py:200)
2026-07-27 11:28:02,946 | INFO |Task summary: run_id=29c5b, task_label=29c5b859268949aea84336e84fe2412e (models.py:478)
2026-07-27 11:28:02,947 | INFO |DB            | db_label case            label                            | load_dur    qps        latency(p99)    latency(p95)    recall        max_load_count | label (models.py:478)
2026-07-27 11:28:02,947 | INFO |------------- | -------- --------------- -------------------------------- | ----------- ---------- --------------- --------------- ------------- -------------- | ----- (models.py:478)
2026-07-27 11:28:02,947 | INFO |OSSOpenSearch |          deneysel-custom 29c5b859268949aea84336e84fe2412e | 0.0         0.0        0.0             0.0             0.0           0              | x     (models.py:478)
2026-07-27 11:28:02,947 | INFO |write results to disk C:\Users\tft\DeneyselRAG\env\Lib\site-packages\vectordb_bench\results\OSSOpenSearch\result_20260727_29c5b859268949aea84336e84fe2412e_ossopensearch.json (models.py:315)
2026-07-27 11:28:02,949 | INFO |Success to finish task: label=29c5b859268949aea84336e84fe2412e, run_id=29c5b859268949aea84336e84fe2412e (interface.py:219)
2026-07-27 11:28:05,188 | INFO |Task:
TaskConfig(db=<DB.OSSOpenSearch: 'OSSOpenSearch'>, db_config=OSSOpenSearchConfig(db_label='', version='', note='', host='localhost', port=9200, user='admin', password=SecretStr('**********')), db_case_config=OSSOpenSearchIndexConfig(metric_type=<MetricType.L2: 'L2'>, engine=<OSSOS_Engine.faiss: 'faiss'>, efConstruction=256, efSearch=128, engine_name=None, metric_type_name=None, M=32, index_thread_qty=4, number_of_shards=1, number_of_replicas=0, number_of_segments=1, refresh_interval='60s', force_merge_enabled=True, flush_threshold_size='5120mb', index_thread_qty_during_force_merge=4, cb_threshold='50%', number_of_indexing_clients=1, use_routing=False, quantization_type=<OSSOpenSearchQuantization.NONE: 'None'>, confidence_interval=None, clip=False, replication_type='DOCUMENT', knn_derived_source_enabled=False, memory_optimized_search=False, on_disk=False, compression_level='32x', oversample_factor=1.0), case_config=CaseConfig(case_id=<CaseType.PerformanceCustomDataset: 101>, custom_case={'name': 'deneysel-custom', 'description': 'DeneyselRAG kendi PDF korpusu', 'load_timeout': 36000, 'optimize_timeout': 36000, 'dataset_config': {'name': 'deneysel', 'dir': 'deneysel_nvidia_nv_embedqa_e5_v5', 'size': '942', 'dim': '1024', 'metric_type': 'Cosine', 'file_count': '1', 'use_shuffled': False, 'with_gt': True}}, k=10, concurrency_search_config=ConcurrencySearchConfig(num_concurrency=[1, 4, 8], concurrency_duration=30, concurrency_timeout=3600)), stages=['drop_old', 'load', 'search_serial', 'search_concurrent'], load_concurrency=0)
 (cli.py:659)
2026-07-27 11:28:05,188 | INFO |generated uuid for the tasks: cc5797e2699a4ccbb26c1b1557207ed3 (interface.py:73)
2026-07-27 11:28:05,493 | INFO | DB             | CaseType     Dataset               Filter | task_label (task_runner.py:411)
2026-07-27 11:28:05,494 | INFO | -----------    | ------------ -------------------- ------- | -------    (task_runner.py:411)
2026-07-27 11:28:05,494 | INFO | OSSOpenSearch  | Performance  deneysel-Custom-942      0.0 | cc5797e2699a4ccbb26c1b1557207ed3 (task_runner.py:411)
2026-07-27 11:28:05,494 | INFO |task submitted: id=cc5797e2699a4ccbb26c1b1557207ed3, cc5797e2699a4ccbb26c1b1557207ed3, case number: 1 (interface.py:248)
2026-07-27 11:28:06,595 | INFO |[1/1] start case: {'label': <CaseLabel.Performance: 2>, 'name': 'deneysel-custom', 'dataset': {'data': {'name': 'deneysel', 'size': 942, 'dim': 1024, 'metric_type': <MetricType.COSINE: 'COSINE'>}}, 'db': 'OSSOpenSearch'}, drop_old=True (interface.py:178)
2026-07-27 11:28:06,595 | INFO |Starting run (task_runner.py:149)
2026-07-27 11:28:06,835 | INFO |OSS_OpenSearch client config: {'hosts': [{'host': 'localhost', 'port': 9200}], 'http_auth': ('admin', 'Sifre123!_UzunVeGuclu'), 'use_ssl': False, 'http_compress': True, 'verify_certs': False, 'ssl_assert_hostname': False, 'ssl_show_warn': False, 'timeout': 600} (oss_opensearch.py:221)
2026-07-27 11:28:06,835 | INFO |OSS_OpenSearch db case config: metric_type=<MetricType.COSINE: 'COSINE'> engine=<OSSOS_Engine.faiss: 'faiss'> efConstruction=256 efSearch=128 engine_name=None metric_type_name=None M=32 index_thread_qty=4 number_of_shards=1 number_of_replicas=0 number_of_segments=1 refresh_interval='60s' force_merge_enabled=True flush_threshold_size='5120mb' index_thread_qty_during_force_merge=4 cb_threshold='50%' number_of_indexing_clients=1 use_routing=False quantization_type=<OSSOpenSearchQuantization.NONE: 'None'> confidence_interval=None clip=False replication_type='DOCUMENT' knn_derived_source_enabled=False memory_optimized_search=False on_disk=False compression_level='32x' oversample_factor=1.0 (oss_opensearch.py:222)
2026-07-27 11:28:06,836 | INFO |OSS_OpenSearch client drop old index: vdb_bench_index (oss_opensearch.py:229)
2026-07-27 11:28:06,865 | INFO |Creating index with ef_search: 128 (oss_opensearch.py:318)
2026-07-27 11:28:06,865 | INFO |Creating index with number_of_replicas: 0 (oss_opensearch.py:319)
2026-07-27 11:28:06,865 | INFO |Creating index with replication_type: DOCUMENT (oss_opensearch.py:320)
2026-07-27 11:28:06,866 | INFO |Creating index with knn_derived_source_enabled: False (oss_opensearch.py:321)
2026-07-27 11:28:06,866 | INFO |Creating index with engine: OSSOS_Engine.faiss (oss_opensearch.py:322)
2026-07-27 11:28:06,866 | INFO |Creating index with metric type: None (oss_opensearch.py:323)
2026-07-27 11:28:06,866 | INFO |Creating index with memory_optimized_search: False (oss_opensearch.py:324)
2026-07-27 11:28:06,866 | INFO |All case_config parameters: {'metric_type': <MetricType.COSINE: 'COSINE'>, 'engine': <OSSOS_Engine.faiss: 'faiss'>, 'efConstruction': 256, 'efSearch': 128, 'engine_name': None, 'metric_type_name': None, 'M': 32, 'index_thread_qty': 4, 'number_of_shards': 1, 'number_of_replicas': 0, 'number_of_segments': 1, 'refresh_interval': '60s', 'force_merge_enabled': True, 'flush_threshold_size': '5120mb', 'index_thread_qty_during_force_merge': 4, 'cb_threshold': '50%', 'number_of_indexing_clients': 1, 'use_routing': False, 'quantization_type': <OSSOpenSearchQuantization.NONE: 'None'>, 'confidence_interval': None, 'clip': False, 'replication_type': 'DOCUMENT', 'knn_derived_source_enabled': False, 'memory_optimized_search': False, 'on_disk': False, 'compression_level': '32x', 'oversample_factor': 1.0} (oss_opensearch.py:325)
2026-07-27 11:28:06,919 | INFO |Successfully updated cluster settings for index creation (oss_opensearch.py:62)
2026-07-27 11:28:06,922 | INFO |User specified metric_type: None (config.py:183)
2026-07-27 11:28:06,922 | WARNING |[1/1] case {'label': <CaseLabel.Performance: 2>, 'name': 'deneysel-custom', 'dataset': {'data': {'name': 'deneysel', 'size': 942, 'dim': 1024, 'metric_type': <MetricType.COSINE: 'COSINE'>}}, 'db': 'OSSOpenSearch'} failed to run, reason='NoneType' object has no attribute 'upper' (interface.py:200)
2026-07-27 11:28:06,926 | INFO |Task summary: run_id=cc579, task_label=cc5797e2699a4ccbb26c1b1557207ed3 (models.py:478)
2026-07-27 11:28:06,926 | INFO |DB            | db_label case            label                            | load_dur    qps        latency(p99)    latency(p95)    recall        max_load_count | label (models.py:478)
2026-07-27 11:28:06,926 | INFO |------------- | -------- --------------- -------------------------------- | ----------- ---------- --------------- --------------- ------------- -------------- | ----- (models.py:478)
2026-07-27 11:28:06,926 | INFO |OSSOpenSearch |          deneysel-custom cc5797e2699a4ccbb26c1b1557207ed3 | 0.0         0.0        0.0             0.0             0.0           0              | x     (models.py:478)
2026-07-27 11:28:06,927 | INFO |write results to disk C:\Users\tft\DeneyselRAG\env\Lib\site-packages\vectordb_bench\results\OSSOpenSearch\result_20260727_cc5797e2699a4ccbb26c1b1557207ed3_ossopensearch.json (models.py:315)
2026-07-27 11:28:06,928 | INFO |Success to finish task: label=cc5797e2699a4ccbb26c1b1557207ed3, run_id=cc5797e2699a4ccbb26c1b1557207ed3 (interface.py:219)
2026-07-27 11:28:09,019 | INFO |Task:
TaskConfig(db=<DB.OSSOpenSearch: 'OSSOpenSearch'>, db_config=OSSOpenSearchConfig(db_label='', version='', note='', host='localhost', port=9200, user='admin', password=SecretStr('**********')), db_case_config=OSSOpenSearchIndexConfig(metric_type=<MetricType.L2: 'L2'>, engine=<OSSOS_Engine.faiss: 'faiss'>, efConstruction=256, efSearch=256, engine_name=None, metric_type_name=None, M=32, index_thread_qty=4, number_of_shards=1, number_of_replicas=0, number_of_segments=1, refresh_interval='60s', force_merge_enabled=True, flush_threshold_size='5120mb', index_thread_qty_during_force_merge=4, cb_threshold='50%', number_of_indexing_clients=1, use_routing=False, quantization_type=<OSSOpenSearchQuantization.NONE: 'None'>, confidence_interval=None, clip=False, replication_type='DOCUMENT', knn_derived_source_enabled=False, memory_optimized_search=False, on_disk=False, compression_level='32x', oversample_factor=1.0), case_config=CaseConfig(case_id=<CaseType.PerformanceCustomDataset: 101>, custom_case={'name': 'deneysel-custom', 'description': 'DeneyselRAG kendi PDF korpusu', 'load_timeout': 36000, 'optimize_timeout': 36000, 'dataset_config': {'name': 'deneysel', 'dir': 'deneysel_nvidia_nv_embedqa_e5_v5', 'size': '942', 'dim': '1024', 'metric_type': 'Cosine', 'file_count': '1', 'use_shuffled': False, 'with_gt': True}}, k=10, concurrency_search_config=ConcurrencySearchConfig(num_concurrency=[1, 4, 8], concurrency_duration=30, concurrency_timeout=3600)), stages=['drop_old', 'load', 'search_serial', 'search_concurrent'], load_concurrency=0)
 (cli.py:659)
2026-07-27 11:28:09,020 | INFO |generated uuid for the tasks: 33f81a44c3914bfbb51e6318507c4a7b (interface.py:73)
2026-07-27 11:28:09,327 | INFO | DB             | CaseType     Dataset               Filter | task_label (task_runner.py:411)
2026-07-27 11:28:09,328 | INFO | -----------    | ------------ -------------------- ------- | -------    (task_runner.py:411)
2026-07-27 11:28:09,328 | INFO | OSSOpenSearch  | Performance  deneysel-Custom-942      0.0 | 33f81a44c3914bfbb51e6318507c4a7b (task_runner.py:411)
2026-07-27 11:28:09,328 | INFO |task submitted: id=33f81a44c3914bfbb51e6318507c4a7b, 33f81a44c3914bfbb51e6318507c4a7b, case number: 1 (interface.py:248)
2026-07-27 11:28:10,338 | INFO |[1/1] start case: {'label': <CaseLabel.Performance: 2>, 'name': 'deneysel-custom', 'dataset': {'data': {'name': 'deneysel', 'size': 942, 'dim': 1024, 'metric_type': <MetricType.COSINE: 'COSINE'>}}, 'db': 'OSSOpenSearch'}, drop_old=True (interface.py:178)
2026-07-27 11:28:10,338 | INFO |Starting run (task_runner.py:149)
2026-07-27 11:28:10,585 | INFO |OSS_OpenSearch client config: {'hosts': [{'host': 'localhost', 'port': 9200}], 'http_auth': ('admin', 'Sifre123!_UzunVeGuclu'), 'use_ssl': False, 'http_compress': True, 'verify_certs': False, 'ssl_assert_hostname': False, 'ssl_show_warn': False, 'timeout': 600} (oss_opensearch.py:221)
2026-07-27 11:28:10,585 | INFO |OSS_OpenSearch db case config: metric_type=<MetricType.COSINE: 'COSINE'> engine=<OSSOS_Engine.faiss: 'faiss'> efConstruction=256 efSearch=256 engine_name=None metric_type_name=None M=32 index_thread_qty=4 number_of_shards=1 number_of_replicas=0 number_of_segments=1 refresh_interval='60s' force_merge_enabled=True flush_threshold_size='5120mb' index_thread_qty_during_force_merge=4 cb_threshold='50%' number_of_indexing_clients=1 use_routing=False quantization_type=<OSSOpenSearchQuantization.NONE: 'None'> confidence_interval=None clip=False replication_type='DOCUMENT' knn_derived_source_enabled=False memory_optimized_search=False on_disk=False compression_level='32x' oversample_factor=1.0 (oss_opensearch.py:222)
2026-07-27 11:28:10,586 | INFO |OSS_OpenSearch client drop old index: vdb_bench_index (oss_opensearch.py:229)
2026-07-27 11:28:10,623 | INFO |Creating index with ef_search: 256 (oss_opensearch.py:318)
2026-07-27 11:28:10,623 | INFO |Creating index with number_of_replicas: 0 (oss_opensearch.py:319)
2026-07-27 11:28:10,624 | INFO |Creating index with replication_type: DOCUMENT (oss_opensearch.py:320)
2026-07-27 11:28:10,624 | INFO |Creating index with knn_derived_source_enabled: False (oss_opensearch.py:321)
2026-07-27 11:28:10,624 | INFO |Creating index with engine: OSSOS_Engine.faiss (oss_opensearch.py:322)
2026-07-27 11:28:10,624 | INFO |Creating index with metric type: None (oss_opensearch.py:323)
2026-07-27 11:28:10,624 | INFO |Creating index with memory_optimized_search: False (oss_opensearch.py:324)
2026-07-27 11:28:10,624 | INFO |All case_config parameters: {'metric_type': <MetricType.COSINE: 'COSINE'>, 'engine': <OSSOS_Engine.faiss: 'faiss'>, 'efConstruction': 256, 'efSearch': 256, 'engine_name': None, 'metric_type_name': None, 'M': 32, 'index_thread_qty': 4, 'number_of_shards': 1, 'number_of_replicas': 0, 'number_of_segments': 1, 'refresh_interval': '60s', 'force_merge_enabled': True, 'flush_threshold_size': '5120mb', 'index_thread_qty_during_force_merge': 4, 'cb_threshold': '50%', 'number_of_indexing_clients': 1, 'use_routing': False, 'quantization_type': <OSSOpenSearchQuantization.NONE: 'None'>, 'confidence_interval': None, 'clip': False, 'replication_type': 'DOCUMENT', 'knn_derived_source_enabled': False, 'memory_optimized_search': False, 'on_disk': False, 'compression_level': '32x', 'oversample_factor': 1.0} (oss_opensearch.py:325)
2026-07-27 11:28:10,680 | INFO |Successfully updated cluster settings for index creation (oss_opensearch.py:62)
2026-07-27 11:28:10,686 | INFO |User specified metric_type: None (config.py:183)
2026-07-27 11:28:10,686 | WARNING |[1/1] case {'label': <CaseLabel.Performance: 2>, 'name': 'deneysel-custom', 'dataset': {'data': {'name': 'deneysel', 'size': 942, 'dim': 1024, 'metric_type': <MetricType.COSINE: 'COSINE'>}}, 'db': 'OSSOpenSearch'} failed to run, reason='NoneType' object has no attribute 'upper' (interface.py:200)
2026-07-27 11:28:10,691 | INFO |Task summary: run_id=33f81, task_label=33f81a44c3914bfbb51e6318507c4a7b (models.py:478)
2026-07-27 11:28:10,691 | INFO |DB            | db_label case            label                            | load_dur    qps        latency(p99)    latency(p95)    recall        max_load_count | label (models.py:478)
2026-07-27 11:28:10,692 | INFO |------------- | -------- --------------- -------------------------------- | ----------- ---------- --------------- --------------- ------------- -------------- | ----- (models.py:478)
2026-07-27 11:28:10,692 | INFO |OSSOpenSearch |          deneysel-custom 33f81a44c3914bfbb51e6318507c4a7b | 0.0         0.0        0.0             0.0             0.0           0              | x     (models.py:478)
2026-07-27 11:28:10,692 | INFO |write results to disk C:\Users\tft\DeneyselRAG\env\Lib\site-packages\vectordb_bench\results\OSSOpenSearch\result_20260727_33f81a44c3914bfbb51e6318507c4a7b_ossopensearch.json (models.py:315)
2026-07-27 11:28:10,694 | INFO |Success to finish task: label=33f81a44c3914bfbb51e6318507c4a7b, run_id=33f81a44c3914bfbb51e6318507c4a7b (interface.py:219)
2026-07-27 11:31:40,387 | INFO |all configs: [('ALIYUN_OSS_URL', 'assets.zilliz.com.cn/benchmark/'), ('AWS_S3_URL', 'assets.zilliz.com/benchmark/'), ('CONCURRENCY_DURATION', 30), ('CONFIG_LOCAL_DIR', WindowsPath('C:/Users/tft/DeneyselRAG/env/Lib/site-packages/vectordb_bench/config-files')), ('CUSTOM_CONFIG_DIR', WindowsPath('C:/Users/tft/DeneyselRAG/env/Lib/site-packages/vectordb_bench/custom/custom_case.json')), ('DATASET_LOCAL_DIR', WindowsPath('C:/vdbb/dataset')), ('DATASET_SOURCE', 'S3'), ('DEFAULT_DATASET_URL', 'assets.zilliz.com/benchmark/'), ('DROP_OLD', True), ('K_DEFAULT', 100), ('LOAD_CONCURRENCY', 0), ('LOAD_MAX_TRY_COUNT', 10), ('LOG_FILE', 'logs/vectordb_bench.log'), ('LOG_LEVEL', 'INFO'), ('MAX_INSERT_RETRY', 5), ('MAX_SEARCH_RETRY', 5), ('NUM_CONCURRENCY', [1, 5, 10, 20, 30, 40, 60, 80]), ('NUM_PER_BATCH', 100), ('RESULTS_LOCAL_DIR', WindowsPath('C:/Users/tft/DeneyselRAG/env/Lib/site-packages/vectordb_bench/results')), ('TIME_PER_BATCH', 1), ('USE_SHUFFLED_DATA', True)] (__main__.py:12)
2026-07-27 11:31:55,637 | INFO |exit streamlit... (__main__.py:34)
2026-07-27 11:34:34,734 | INFO |all configs: [('ALIYUN_OSS_URL', 'assets.zilliz.com.cn/benchmark/'), ('AWS_S3_URL', 'assets.zilliz.com/benchmark/'), ('CONCURRENCY_DURATION', 30), ('CONFIG_LOCAL_DIR', WindowsPath('C:/Users/tft/DeneyselRAG/env/Lib/site-packages/vectordb_bench/config-files')), ('CUSTOM_CONFIG_DIR', WindowsPath('C:/Users/tft/DeneyselRAG/env/Lib/site-packages/vectordb_bench/custom/custom_case.json')), ('DATASET_LOCAL_DIR', WindowsPath('C:/vdbb/dataset')), ('DATASET_SOURCE', 'S3'), ('DEFAULT_DATASET_URL', 'assets.zilliz.com/benchmark/'), ('DROP_OLD', True), ('K_DEFAULT', 100), ('LOAD_CONCURRENCY', 0), ('LOAD_MAX_TRY_COUNT', 10), ('LOG_FILE', 'logs/vectordb_bench.log'), ('LOG_LEVEL', 'INFO'), ('MAX_INSERT_RETRY', 5), ('MAX_SEARCH_RETRY', 5), ('NUM_CONCURRENCY', [1, 5, 10, 20, 30, 40, 60, 80]), ('NUM_PER_BATCH', 100), ('RESULTS_LOCAL_DIR', WindowsPath('C:/Users/tft/DeneyselRAG/env/Lib/site-packages/vectordb_bench/results')), ('TIME_PER_BATCH', 1), ('USE_SHUFFLED_DATA', True)] (__main__.py:12)
2026-07-27 11:34:55,842 | INFO |exit streamlit... (__main__.py:34)
2026-07-27 11:35:19,121 | INFO |all configs: [('ALIYUN_OSS_URL', 'assets.zilliz.com.cn/benchmark/'), ('AWS_S3_URL', 'assets.zilliz.com/benchmark/'), ('CONCURRENCY_DURATION', 30), ('CONFIG_LOCAL_DIR', WindowsPath('C:/Users/tft/DeneyselRAG/env/Lib/site-packages/vectordb_bench/config-files')), ('CUSTOM_CONFIG_DIR', WindowsPath('C:/Users/tft/DeneyselRAG/env/Lib/site-packages/vectordb_bench/custom/custom_case.json')), ('DATASET_LOCAL_DIR', WindowsPath('C:/vdbb/dataset')), ('DATASET_SOURCE', 'S3'), ('DEFAULT_DATASET_URL', 'assets.zilliz.com/benchmark/'), ('DROP_OLD', True), ('K_DEFAULT', 100), ('LOAD_CONCURRENCY', 0), ('LOAD_MAX_TRY_COUNT', 10), ('LOG_FILE', 'logs/vectordb_bench.log'), ('LOG_LEVEL', 'INFO'), ('MAX_INSERT_RETRY', 5), ('MAX_SEARCH_RETRY', 5), ('NUM_CONCURRENCY', [1, 5, 10, 20, 30, 40, 60, 80]), ('NUM_PER_BATCH', 100), ('RESULTS_LOCAL_DIR', WindowsPath('C:/Users/tft/DeneyselRAG/env/Lib/site-packages/vectordb_bench/results')), ('TIME_PER_BATCH', 1), ('USE_SHUFFLED_DATA', True)] (__main__.py:12)
2026-07-27 11:40:59,406 | INFO |exit streamlit... (__main__.py:34)
2026-07-27 11:41:04,977 | INFO |Task:
TaskConfig(db=<DB.OSSOpenSearch: 'OSSOpenSearch'>, db_config=OSSOpenSearchConfig(db_label='', version='', note='', host='localhost', port=9200, user='admin', password=SecretStr('**********')), db_case_config=OSSOpenSearchIndexConfig(metric_type=<MetricType.L2: 'L2'>, engine=<OSSOS_Engine.faiss: 'faiss'>, efConstruction=256, efSearch=100, engine_name=None, metric_type_name=None, M=16, index_thread_qty=4, number_of_shards=1, number_of_replicas=0, number_of_segments=1, refresh_interval='60s', force_merge_enabled=True, flush_threshold_size='5120mb', index_thread_qty_during_force_merge=4, cb_threshold='50%', number_of_indexing_clients=1, use_routing=False, quantization_type=<OSSOpenSearchQuantization.NONE: 'None'>, confidence_interval=None, clip=False, replication_type='DOCUMENT', knn_derived_source_enabled=False, memory_optimized_search=False, on_disk=False, compression_level='32x', oversample_factor=1.0), case_config=CaseConfig(case_id=<CaseType.PerformanceCustomDataset: 101>, custom_case={'name': 'deneysel-custom', 'description': 'DeneyselRAG kendi PDF korpusu', 'load_timeout': 36000, 'optimize_timeout': 36000, 'dataset_config': {'name': 'deneysel', 'dir': 'deneysel_nvidia_nv_embedqa_e5_v5', 'size': '942', 'dim': '1024', 'metric_type': 'Cosine', 'file_count': '1', 'use_shuffled': False, 'with_gt': True}}, k=10, concurrency_search_config=ConcurrencySearchConfig(num_concurrency=[1, 4, 8], concurrency_duration=30, concurrency_timeout=3600)), stages=['drop_old', 'load', 'search_serial', 'search_concurrent'], load_concurrency=0)
 (cli.py:659)
2026-07-27 11:41:10,514 | INFO |Task:
TaskConfig(db=<DB.OSSOpenSearch: 'OSSOpenSearch'>, db_config=OSSOpenSearchConfig(db_label='', version='', note='', host='localhost', port=9200, user='admin', password=SecretStr('**********')), db_case_config=OSSOpenSearchIndexConfig(metric_type=<MetricType.L2: 'L2'>, engine=<OSSOS_Engine.faiss: 'faiss'>, efConstruction=256, efSearch=100, engine_name=None, metric_type_name=None, M=16, index_thread_qty=4, number_of_shards=1, number_of_replicas=0, number_of_segments=1, refresh_interval='60s', force_merge_enabled=True, flush_threshold_size='5120mb', index_thread_qty_during_force_merge=4, cb_threshold='50%', number_of_indexing_clients=1, use_routing=False, quantization_type=<OSSOpenSearchQuantization.NONE: 'None'>, confidence_interval=None, clip=False, replication_type='DOCUMENT', knn_derived_source_enabled=False, memory_optimized_search=False, on_disk=False, compression_level='32x', oversample_factor=1.0), case_config=CaseConfig(case_id=<CaseType.PerformanceCustomDataset: 101>, custom_case={'name': 'deneysel-custom', 'description': 'DeneyselRAG kendi PDF korpusu', 'load_timeout': 36000, 'optimize_timeout': 36000, 'dataset_config': {'name': 'deneysel', 'dir': 'deneysel_nvidia_nv_embedqa_e5_v5', 'size': '942', 'dim': '1024', 'metric_type': 'Cosine', 'file_count': '1', 'use_shuffled': False, 'with_gt': True}}, k=10, concurrency_search_config=ConcurrencySearchConfig(num_concurrency=[1, 4, 8], concurrency_duration=30, concurrency_timeout=3600)), stages=['drop_old', 'load', 'search_serial', 'search_concurrent'], load_concurrency=0)
 (cli.py:659)
2026-07-27 11:41:10,515 | INFO |generated uuid for the tasks: 32987125e3304e4c831ee512506f4b48 (interface.py:73)
2026-07-27 11:41:10,810 | INFO | DB             | CaseType     Dataset               Filter | task_label (task_runner.py:411)
2026-07-27 11:41:10,810 | INFO | -----------    | ------------ -------------------- ------- | -------    (task_runner.py:411)
2026-07-27 11:41:10,811 | INFO | OSSOpenSearch  | Performance  deneysel-Custom-942      0.0 | 32987125e3304e4c831ee512506f4b48 (task_runner.py:411)
2026-07-27 11:41:10,811 | INFO |task submitted: id=32987125e3304e4c831ee512506f4b48, 32987125e3304e4c831ee512506f4b48, case number: 1 (interface.py:248)
2026-07-27 11:41:11,815 | INFO |[1/1] start case: {'label': <CaseLabel.Performance: 2>, 'name': 'deneysel-custom', 'dataset': {'data': {'name': 'deneysel', 'size': 942, 'dim': 1024, 'metric_type': <MetricType.COSINE: 'COSINE'>}}, 'db': 'OSSOpenSearch'}, drop_old=True (interface.py:178)
2026-07-27 11:41:11,815 | INFO |Starting run (task_runner.py:149)
2026-07-27 11:41:12,081 | INFO |OSS_OpenSearch client config: {'hosts': [{'host': 'localhost', 'port': 9200}], 'http_auth': ('admin', 'Sifre123!_UzunVeGuclu'), 'use_ssl': False, 'http_compress': True, 'verify_certs': False, 'ssl_assert_hostname': False, 'ssl_show_warn': False, 'timeout': 600} (oss_opensearch.py:221)
2026-07-27 11:41:12,082 | INFO |OSS_OpenSearch db case config: metric_type=<MetricType.COSINE: 'COSINE'> engine=<OSSOS_Engine.faiss: 'faiss'> efConstruction=256 efSearch=100 engine_name=None metric_type_name=None M=16 index_thread_qty=4 number_of_shards=1 number_of_replicas=0 number_of_segments=1 refresh_interval='60s' force_merge_enabled=True flush_threshold_size='5120mb' index_thread_qty_during_force_merge=4 cb_threshold='50%' number_of_indexing_clients=1 use_routing=False quantization_type=<OSSOpenSearchQuantization.NONE: 'None'> confidence_interval=None clip=False replication_type='DOCUMENT' knn_derived_source_enabled=False memory_optimized_search=False on_disk=False compression_level='32x' oversample_factor=1.0 (oss_opensearch.py:222)
2026-07-27 11:41:12,082 | INFO |OSS_OpenSearch client drop old index: vdb_bench_index (oss_opensearch.py:229)
2026-07-27 11:41:12,099 | INFO |Creating index with ef_search: 100 (oss_opensearch.py:318)
2026-07-27 11:41:12,099 | INFO |Creating index with number_of_replicas: 0 (oss_opensearch.py:319)
2026-07-27 11:41:12,100 | INFO |Creating index with replication_type: DOCUMENT (oss_opensearch.py:320)
2026-07-27 11:41:12,100 | INFO |Creating index with knn_derived_source_enabled: False (oss_opensearch.py:321)
2026-07-27 11:41:12,100 | INFO |Creating index with engine: OSSOS_Engine.faiss (oss_opensearch.py:322)
2026-07-27 11:41:12,100 | INFO |Creating index with metric type: None (oss_opensearch.py:323)
2026-07-27 11:41:12,100 | INFO |Creating index with memory_optimized_search: False (oss_opensearch.py:324)
2026-07-27 11:41:12,101 | INFO |All case_config parameters: {'metric_type': <MetricType.COSINE: 'COSINE'>, 'engine': <OSSOS_Engine.faiss: 'faiss'>, 'efConstruction': 256, 'efSearch': 100, 'engine_name': None, 'metric_type_name': None, 'M': 16, 'index_thread_qty': 4, 'number_of_shards': 1, 'number_of_replicas': 0, 'number_of_segments': 1, 'refresh_interval': '60s', 'force_merge_enabled': True, 'flush_threshold_size': '5120mb', 'index_thread_qty_during_force_merge': 4, 'cb_threshold': '50%', 'number_of_indexing_clients': 1, 'use_routing': False, 'quantization_type': <OSSOpenSearchQuantization.NONE: 'None'>, 'confidence_interval': None, 'clip': False, 'replication_type': 'DOCUMENT', 'knn_derived_source_enabled': False, 'memory_optimized_search': False, 'on_disk': False, 'compression_level': '32x', 'oversample_factor': 1.0} (oss_opensearch.py:325)
2026-07-27 11:41:12,164 | INFO |Successfully updated cluster settings for index creation (oss_opensearch.py:62)
2026-07-27 11:41:12,167 | INFO |User specified metric_type: None (config.py:183)
2026-07-27 11:41:12,167 | WARNING |[1/1] case {'label': <CaseLabel.Performance: 2>, 'name': 'deneysel-custom', 'dataset': {'data': {'name': 'deneysel', 'size': 942, 'dim': 1024, 'metric_type': <MetricType.COSINE: 'COSINE'>}}, 'db': 'OSSOpenSearch'} failed to run, reason='NoneType' object has no attribute 'upper' (interface.py:200)
2026-07-27 11:41:12,173 | INFO |Task summary: run_id=32987, task_label=32987125e3304e4c831ee512506f4b48 (models.py:478)
2026-07-27 11:41:12,174 | INFO |DB            | db_label case            label                            | load_dur    qps        latency(p99)    latency(p95)    recall        max_load_count | label (models.py:478)
2026-07-27 11:41:12,174 | INFO |------------- | -------- --------------- -------------------------------- | ----------- ---------- --------------- --------------- ------------- -------------- | ----- (models.py:478)
2026-07-27 11:41:12,174 | INFO |OSSOpenSearch |          deneysel-custom 32987125e3304e4c831ee512506f4b48 | 0.0         0.0        0.0             0.0             0.0           0              | x     (models.py:478)
2026-07-27 11:41:12,175 | INFO |write results to disk C:\Users\tft\DeneyselRAG\env\Lib\site-packages\vectordb_bench\results\OSSOpenSearch\result_20260727_32987125e3304e4c831ee512506f4b48_ossopensearch.json (models.py:315)
2026-07-27 11:41:12,178 | INFO |Success to finish task: label=32987125e3304e4c831ee512506f4b48, run_id=32987125e3304e4c831ee512506f4b48 (interface.py:219)
2026-07-27 11:42:28,613 | INFO |Task:
TaskConfig(db=<DB.OSSOpenSearch: 'OSSOpenSearch'>, db_config=OSSOpenSearchConfig(db_label='', version='', note='', host='localhost', port=9200, user='admin', password=SecretStr('**********')), db_case_config=OSSOpenSearchIndexConfig(metric_type=<MetricType.L2: 'L2'>, engine=<OSSOS_Engine.faiss: 'faiss'>, efConstruction=256, efSearch=32, engine_name=None, metric_type_name=None, M=8, index_thread_qty=4, number_of_shards=1, number_of_replicas=0, number_of_segments=1, refresh_interval='60s', force_merge_enabled=True, flush_threshold_size='5120mb', index_thread_qty_during_force_merge=4, cb_threshold='50%', number_of_indexing_clients=1, use_routing=False, quantization_type=<OSSOpenSearchQuantization.NONE: 'None'>, confidence_interval=None, clip=False, replication_type='DOCUMENT', knn_derived_source_enabled=False, memory_optimized_search=False, on_disk=False, compression_level='32x', oversample_factor=1.0), case_config=CaseConfig(case_id=<CaseType.PerformanceCustomDataset: 101>, custom_case={'name': 'deneysel-custom', 'description': 'DeneyselRAG kendi PDF korpusu', 'load_timeout': 36000, 'optimize_timeout': 36000, 'dataset_config': {'name': 'deneysel', 'dir': 'deneysel_nvidia_nv_embedqa_e5_v5', 'size': '942', 'dim': '1024', 'metric_type': 'Cosine', 'file_count': '1', 'use_shuffled': False, 'with_gt': True}}, k=10, concurrency_search_config=ConcurrencySearchConfig(num_concurrency=[1, 4, 8], concurrency_duration=30, concurrency_timeout=3600)), stages=['drop_old', 'load', 'search_serial', 'search_concurrent'], load_concurrency=0)
 (cli.py:659)
2026-07-27 11:42:28,614 | INFO |generated uuid for the tasks: 48dfff1735e94a82a28965b2d23d944a (interface.py:73)
2026-07-27 11:42:28,916 | INFO | DB             | CaseType     Dataset               Filter | task_label (task_runner.py:411)
2026-07-27 11:42:28,917 | INFO | -----------    | ------------ -------------------- ------- | -------    (task_runner.py:411)
2026-07-27 11:42:28,917 | INFO | OSSOpenSearch  | Performance  deneysel-Custom-942      0.0 | 48dfff1735e94a82a28965b2d23d944a (task_runner.py:411)
2026-07-27 11:42:28,917 | INFO |task submitted: id=48dfff1735e94a82a28965b2d23d944a, 48dfff1735e94a82a28965b2d23d944a, case number: 1 (interface.py:248)
2026-07-27 11:42:29,988 | INFO |[1/1] start case: {'label': <CaseLabel.Performance: 2>, 'name': 'deneysel-custom', 'dataset': {'data': {'name': 'deneysel', 'size': 942, 'dim': 1024, 'metric_type': <MetricType.COSINE: 'COSINE'>}}, 'db': 'OSSOpenSearch'}, drop_old=True (interface.py:178)
2026-07-27 11:42:29,988 | INFO |Starting run (task_runner.py:149)
2026-07-27 11:42:30,227 | INFO |OSS_OpenSearch client config: {'hosts': [{'host': 'localhost', 'port': 9200}], 'http_auth': ('admin', 'Sifre123!_UzunVeGuclu'), 'use_ssl': False, 'http_compress': True, 'verify_certs': False, 'ssl_assert_hostname': False, 'ssl_show_warn': False, 'timeout': 600} (oss_opensearch.py:221)
2026-07-27 11:42:30,228 | INFO |OSS_OpenSearch db case config: metric_type=<MetricType.COSINE: 'COSINE'> engine=<OSSOS_Engine.faiss: 'faiss'> efConstruction=256 efSearch=32 engine_name=None metric_type_name=None M=8 index_thread_qty=4 number_of_shards=1 number_of_replicas=0 number_of_segments=1 refresh_interval='60s' force_merge_enabled=True flush_threshold_size='5120mb' index_thread_qty_during_force_merge=4 cb_threshold='50%' number_of_indexing_clients=1 use_routing=False quantization_type=<OSSOpenSearchQuantization.NONE: 'None'> confidence_interval=None clip=False replication_type='DOCUMENT' knn_derived_source_enabled=False memory_optimized_search=False on_disk=False compression_level='32x' oversample_factor=1.0 (oss_opensearch.py:222)
2026-07-27 11:42:30,228 | INFO |OSS_OpenSearch client drop old index: vdb_bench_index (oss_opensearch.py:229)
2026-07-27 11:42:30,242 | INFO |Creating index with ef_search: 32 (oss_opensearch.py:318)
2026-07-27 11:42:30,243 | INFO |Creating index with number_of_replicas: 0 (oss_opensearch.py:319)
2026-07-27 11:42:30,243 | INFO |Creating index with replication_type: DOCUMENT (oss_opensearch.py:320)
2026-07-27 11:42:30,243 | INFO |Creating index with knn_derived_source_enabled: False (oss_opensearch.py:321)
2026-07-27 11:42:30,243 | INFO |Creating index with engine: OSSOS_Engine.faiss (oss_opensearch.py:322)
2026-07-27 11:42:30,243 | INFO |Creating index with metric type: None (oss_opensearch.py:323)
2026-07-27 11:42:30,244 | INFO |Creating index with memory_optimized_search: False (oss_opensearch.py:324)
2026-07-27 11:42:30,244 | INFO |All case_config parameters: {'metric_type': <MetricType.COSINE: 'COSINE'>, 'engine': <OSSOS_Engine.faiss: 'faiss'>, 'efConstruction': 256, 'efSearch': 32, 'engine_name': None, 'metric_type_name': None, 'M': 8, 'index_thread_qty': 4, 'number_of_shards': 1, 'number_of_replicas': 0, 'number_of_segments': 1, 'refresh_interval': '60s', 'force_merge_enabled': True, 'flush_threshold_size': '5120mb', 'index_thread_qty_during_force_merge': 4, 'cb_threshold': '50%', 'number_of_indexing_clients': 1, 'use_routing': False, 'quantization_type': <OSSOpenSearchQuantization.NONE: 'None'>, 'confidence_interval': None, 'clip': False, 'replication_type': 'DOCUMENT', 'knn_derived_source_enabled': False, 'memory_optimized_search': False, 'on_disk': False, 'compression_level': '32x', 'oversample_factor': 1.0} (oss_opensearch.py:325)
2026-07-27 11:42:30,295 | INFO |Successfully updated cluster settings for index creation (oss_opensearch.py:62)
2026-07-27 11:42:30,297 | INFO |User specified metric_type: None (config.py:183)
2026-07-27 11:42:30,298 | WARNING |[1/1] case {'label': <CaseLabel.Performance: 2>, 'name': 'deneysel-custom', 'dataset': {'data': {'name': 'deneysel', 'size': 942, 'dim': 1024, 'metric_type': <MetricType.COSINE: 'COSINE'>}}, 'db': 'OSSOpenSearch'} failed to run, reason='NoneType' object has no attribute 'upper' (interface.py:200)
2026-07-27 11:42:30,302 | INFO |Task summary: run_id=48dff, task_label=48dfff1735e94a82a28965b2d23d944a (models.py:478)
2026-07-27 11:42:30,302 | INFO |DB            | db_label case            label                            | load_dur    qps        latency(p99)    latency(p95)    recall        max_load_count | label (models.py:478)
2026-07-27 11:42:30,302 | INFO |------------- | -------- --------------- -------------------------------- | ----------- ---------- --------------- --------------- ------------- -------------- | ----- (models.py:478)
2026-07-27 11:42:30,302 | INFO |OSSOpenSearch |          deneysel-custom 48dfff1735e94a82a28965b2d23d944a | 0.0         0.0        0.0             0.0             0.0           0              | x     (models.py:478)
2026-07-27 11:42:30,302 | INFO |write results to disk C:\Users\tft\DeneyselRAG\env\Lib\site-packages\vectordb_bench\results\OSSOpenSearch\result_20260727_48dfff1735e94a82a28965b2d23d944a_ossopensearch.json (models.py:315)
2026-07-27 11:42:30,304 | INFO |Success to finish task: label=48dfff1735e94a82a28965b2d23d944a, run_id=48dfff1735e94a82a28965b2d23d944a (interface.py:219)
2026-07-27 11:42:32,445 | INFO |Task:
TaskConfig(db=<DB.OSSOpenSearch: 'OSSOpenSearch'>, db_config=OSSOpenSearchConfig(db_label='', version='', note='', host='localhost', port=9200, user='admin', password=SecretStr('**********')), db_case_config=OSSOpenSearchIndexConfig(metric_type=<MetricType.L2: 'L2'>, engine=<OSSOS_Engine.faiss: 'faiss'>, efConstruction=256, efSearch=64, engine_name=None, metric_type_name=None, M=8, index_thread_qty=4, number_of_shards=1, number_of_replicas=0, number_of_segments=1, refresh_interval='60s', force_merge_enabled=True, flush_threshold_size='5120mb', index_thread_qty_during_force_merge=4, cb_threshold='50%', number_of_indexing_clients=1, use_routing=False, quantization_type=<OSSOpenSearchQuantization.NONE: 'None'>, confidence_interval=None, clip=False, replication_type='DOCUMENT', knn_derived_source_enabled=False, memory_optimized_search=False, on_disk=False, compression_level='32x', oversample_factor=1.0), case_config=CaseConfig(case_id=<CaseType.PerformanceCustomDataset: 101>, custom_case={'name': 'deneysel-custom', 'description': 'DeneyselRAG kendi PDF korpusu', 'load_timeout': 36000, 'optimize_timeout': 36000, 'dataset_config': {'name': 'deneysel', 'dir': 'deneysel_nvidia_nv_embedqa_e5_v5', 'size': '942', 'dim': '1024', 'metric_type': 'Cosine', 'file_count': '1', 'use_shuffled': False, 'with_gt': True}}, k=10, concurrency_search_config=ConcurrencySearchConfig(num_concurrency=[1, 4, 8], concurrency_duration=30, concurrency_timeout=3600)), stages=['drop_old', 'load', 'search_serial', 'search_concurrent'], load_concurrency=0)
 (cli.py:659)
2026-07-27 11:42:32,446 | INFO |generated uuid for the tasks: 0637d2ca53884e92973bec66232c2fb3 (interface.py:73)
2026-07-27 11:42:32,738 | INFO | DB             | CaseType     Dataset               Filter | task_label (task_runner.py:411)
2026-07-27 11:42:32,739 | INFO | -----------    | ------------ -------------------- ------- | -------    (task_runner.py:411)
2026-07-27 11:42:32,739 | INFO | OSSOpenSearch  | Performance  deneysel-Custom-942      0.0 | 0637d2ca53884e92973bec66232c2fb3 (task_runner.py:411)
2026-07-27 11:42:32,739 | INFO |task submitted: id=0637d2ca53884e92973bec66232c2fb3, 0637d2ca53884e92973bec66232c2fb3, case number: 1 (interface.py:248)
2026-07-27 11:42:33,812 | INFO |[1/1] start case: {'label': <CaseLabel.Performance: 2>, 'name': 'deneysel-custom', 'dataset': {'data': {'name': 'deneysel', 'size': 942, 'dim': 1024, 'metric_type': <MetricType.COSINE: 'COSINE'>}}, 'db': 'OSSOpenSearch'}, drop_old=True (interface.py:178)
2026-07-27 11:42:33,812 | INFO |Starting run (task_runner.py:149)
2026-07-27 11:42:34,077 | INFO |OSS_OpenSearch client config: {'hosts': [{'host': 'localhost', 'port': 9200}], 'http_auth': ('admin', 'Sifre123!_UzunVeGuclu'), 'use_ssl': False, 'http_compress': True, 'verify_certs': False, 'ssl_assert_hostname': False, 'ssl_show_warn': False, 'timeout': 600} (oss_opensearch.py:221)
2026-07-27 11:42:34,078 | INFO |OSS_OpenSearch db case config: metric_type=<MetricType.COSINE: 'COSINE'> engine=<OSSOS_Engine.faiss: 'faiss'> efConstruction=256 efSearch=64 engine_name=None metric_type_name=None M=8 index_thread_qty=4 number_of_shards=1 number_of_replicas=0 number_of_segments=1 refresh_interval='60s' force_merge_enabled=True flush_threshold_size='5120mb' index_thread_qty_during_force_merge=4 cb_threshold='50%' number_of_indexing_clients=1 use_routing=False quantization_type=<OSSOpenSearchQuantization.NONE: 'None'> confidence_interval=None clip=False replication_type='DOCUMENT' knn_derived_source_enabled=False memory_optimized_search=False on_disk=False compression_level='32x' oversample_factor=1.0 (oss_opensearch.py:222)
2026-07-27 11:42:34,078 | INFO |OSS_OpenSearch client drop old index: vdb_bench_index (oss_opensearch.py:229)
2026-07-27 11:42:34,114 | INFO |Creating index with ef_search: 64 (oss_opensearch.py:318)
2026-07-27 11:42:34,114 | INFO |Creating index with number_of_replicas: 0 (oss_opensearch.py:319)
2026-07-27 11:42:34,114 | INFO |Creating index with replication_type: DOCUMENT (oss_opensearch.py:320)
2026-07-27 11:42:34,114 | INFO |Creating index with knn_derived_source_enabled: False (oss_opensearch.py:321)
2026-07-27 11:42:34,114 | INFO |Creating index with engine: OSSOS_Engine.faiss (oss_opensearch.py:322)
2026-07-27 11:42:34,115 | INFO |Creating index with metric type: None (oss_opensearch.py:323)
2026-07-27 11:42:34,115 | INFO |Creating index with memory_optimized_search: False (oss_opensearch.py:324)
2026-07-27 11:42:34,115 | INFO |All case_config parameters: {'metric_type': <MetricType.COSINE: 'COSINE'>, 'engine': <OSSOS_Engine.faiss: 'faiss'>, 'efConstruction': 256, 'efSearch': 64, 'engine_name': None, 'metric_type_name': None, 'M': 8, 'index_thread_qty': 4, 'number_of_shards': 1, 'number_of_replicas': 0, 'number_of_segments': 1, 'refresh_interval': '60s', 'force_merge_enabled': True, 'flush_threshold_size': '5120mb', 'index_thread_qty_during_force_merge': 4, 'cb_threshold': '50%', 'number_of_indexing_clients': 1, 'use_routing': False, 'quantization_type': <OSSOpenSearchQuantization.NONE: 'None'>, 'confidence_interval': None, 'clip': False, 'replication_type': 'DOCUMENT', 'knn_derived_source_enabled': False, 'memory_optimized_search': False, 'on_disk': False, 'compression_level': '32x', 'oversample_factor': 1.0} (oss_opensearch.py:325)
2026-07-27 11:42:34,176 | INFO |Successfully updated cluster settings for index creation (oss_opensearch.py:62)
2026-07-27 11:42:34,179 | INFO |User specified metric_type: None (config.py:183)
2026-07-27 11:42:34,179 | WARNING |[1/1] case {'label': <CaseLabel.Performance: 2>, 'name': 'deneysel-custom', 'dataset': {'data': {'name': 'deneysel', 'size': 942, 'dim': 1024, 'metric_type': <MetricType.COSINE: 'COSINE'>}}, 'db': 'OSSOpenSearch'} failed to run, reason='NoneType' object has no attribute 'upper' (interface.py:200)
2026-07-27 11:42:34,184 | INFO |Task summary: run_id=0637d, task_label=0637d2ca53884e92973bec66232c2fb3 (models.py:478)
2026-07-27 11:42:34,184 | INFO |DB            | db_label case            label                            | load_dur    qps        latency(p99)    latency(p95)    recall        max_load_count | label (models.py:478)
2026-07-27 11:42:34,184 | INFO |------------- | -------- --------------- -------------------------------- | ----------- ---------- --------------- --------------- ------------- -------------- | ----- (models.py:478)
2026-07-27 11:42:34,184 | INFO |OSSOpenSearch |          deneysel-custom 0637d2ca53884e92973bec66232c2fb3 | 0.0         0.0        0.0             0.0             0.0           0              | x     (models.py:478)
2026-07-27 11:42:34,185 | INFO |write results to disk C:\Users\tft\DeneyselRAG\env\Lib\site-packages\vectordb_bench\results\OSSOpenSearch\result_20260727_0637d2ca53884e92973bec66232c2fb3_ossopensearch.json (models.py:315)
2026-07-27 11:42:34,186 | INFO |Success to finish task: label=0637d2ca53884e92973bec66232c2fb3, run_id=0637d2ca53884e92973bec66232c2fb3 (interface.py:219)
2026-07-27 11:42:36,420 | INFO |Task:
TaskConfig(db=<DB.OSSOpenSearch: 'OSSOpenSearch'>, db_config=OSSOpenSearchConfig(db_label='', version='', note='', host='localhost', port=9200, user='admin', password=SecretStr('**********')), db_case_config=OSSOpenSearchIndexConfig(metric_type=<MetricType.L2: 'L2'>, engine=<OSSOS_Engine.faiss: 'faiss'>, efConstruction=256, efSearch=128, engine_name=None, metric_type_name=None, M=8, index_thread_qty=4, number_of_shards=1, number_of_replicas=0, number_of_segments=1, refresh_interval='60s', force_merge_enabled=True, flush_threshold_size='5120mb', index_thread_qty_during_force_merge=4, cb_threshold='50%', number_of_indexing_clients=1, use_routing=False, quantization_type=<OSSOpenSearchQuantization.NONE: 'None'>, confidence_interval=None, clip=False, replication_type='DOCUMENT', knn_derived_source_enabled=False, memory_optimized_search=False, on_disk=False, compression_level='32x', oversample_factor=1.0), case_config=CaseConfig(case_id=<CaseType.PerformanceCustomDataset: 101>, custom_case={'name': 'deneysel-custom', 'description': 'DeneyselRAG kendi PDF korpusu', 'load_timeout': 36000, 'optimize_timeout': 36000, 'dataset_config': {'name': 'deneysel', 'dir': 'deneysel_nvidia_nv_embedqa_e5_v5', 'size': '942', 'dim': '1024', 'metric_type': 'Cosine', 'file_count': '1', 'use_shuffled': False, 'with_gt': True}}, k=10, concurrency_search_config=ConcurrencySearchConfig(num_concurrency=[1, 4, 8], concurrency_duration=30, concurrency_timeout=3600)), stages=['drop_old', 'load', 'search_serial', 'search_concurrent'], load_concurrency=0)
 (cli.py:659)
2026-07-27 11:42:36,421 | INFO |generated uuid for the tasks: d9f36514818c4625914a8458814c1f76 (interface.py:73)
2026-07-27 11:42:36,717 | INFO | DB             | CaseType     Dataset               Filter | task_label (task_runner.py:411)
2026-07-27 11:42:36,717 | INFO | -----------    | ------------ -------------------- ------- | -------    (task_runner.py:411)
2026-07-27 11:42:36,717 | INFO | OSSOpenSearch  | Performance  deneysel-Custom-942      0.0 | d9f36514818c4625914a8458814c1f76 (task_runner.py:411)
2026-07-27 11:42:36,718 | INFO |task submitted: id=d9f36514818c4625914a8458814c1f76, d9f36514818c4625914a8458814c1f76, case number: 1 (interface.py:248)
2026-07-27 11:42:37,722 | INFO |[1/1] start case: {'label': <CaseLabel.Performance: 2>, 'name': 'deneysel-custom', 'dataset': {'data': {'name': 'deneysel', 'size': 942, 'dim': 1024, 'metric_type': <MetricType.COSINE: 'COSINE'>}}, 'db': 'OSSOpenSearch'}, drop_old=True (interface.py:178)
2026-07-27 11:42:37,722 | INFO |Starting run (task_runner.py:149)
2026-07-27 11:42:37,961 | INFO |OSS_OpenSearch client config: {'hosts': [{'host': 'localhost', 'port': 9200}], 'http_auth': ('admin', 'Sifre123!_UzunVeGuclu'), 'use_ssl': False, 'http_compress': True, 'verify_certs': False, 'ssl_assert_hostname': False, 'ssl_show_warn': False, 'timeout': 600} (oss_opensearch.py:221)
2026-07-27 11:42:37,962 | INFO |OSS_OpenSearch db case config: metric_type=<MetricType.COSINE: 'COSINE'> engine=<OSSOS_Engine.faiss: 'faiss'> efConstruction=256 efSearch=128 engine_name=None metric_type_name=None M=8 index_thread_qty=4 number_of_shards=1 number_of_replicas=0 number_of_segments=1 refresh_interval='60s' force_merge_enabled=True flush_threshold_size='5120mb' index_thread_qty_during_force_merge=4 cb_threshold='50%' number_of_indexing_clients=1 use_routing=False quantization_type=<OSSOpenSearchQuantization.NONE: 'None'> confidence_interval=None clip=False replication_type='DOCUMENT' knn_derived_source_enabled=False memory_optimized_search=False on_disk=False compression_level='32x' oversample_factor=1.0 (oss_opensearch.py:222)
2026-07-27 11:42:37,962 | INFO |OSS_OpenSearch client drop old index: vdb_bench_index (oss_opensearch.py:229)
2026-07-27 11:42:37,977 | INFO |Creating index with ef_search: 128 (oss_opensearch.py:318)
2026-07-27 11:42:37,977 | INFO |Creating index with number_of_replicas: 0 (oss_opensearch.py:319)
2026-07-27 11:42:37,977 | INFO |Creating index with replication_type: DOCUMENT (oss_opensearch.py:320)
2026-07-27 11:42:37,977 | INFO |Creating index with knn_derived_source_enabled: False (oss_opensearch.py:321)
2026-07-27 11:42:37,977 | INFO |Creating index with engine: OSSOS_Engine.faiss (oss_opensearch.py:322)
2026-07-27 11:42:37,978 | INFO |Creating index with metric type: None (oss_opensearch.py:323)
2026-07-27 11:42:37,978 | INFO |Creating index with memory_optimized_search: False (oss_opensearch.py:324)
2026-07-27 11:42:37,978 | INFO |All case_config parameters: {'metric_type': <MetricType.COSINE: 'COSINE'>, 'engine': <OSSOS_Engine.faiss: 'faiss'>, 'efConstruction': 256, 'efSearch': 128, 'engine_name': None, 'metric_type_name': None, 'M': 8, 'index_thread_qty': 4, 'number_of_shards': 1, 'number_of_replicas': 0, 'number_of_segments': 1, 'refresh_interval': '60s', 'force_merge_enabled': True, 'flush_threshold_size': '5120mb', 'index_thread_qty_during_force_merge': 4, 'cb_threshold': '50%', 'number_of_indexing_clients': 1, 'use_routing': False, 'quantization_type': <OSSOpenSearchQuantization.NONE: 'None'>, 'confidence_interval': None, 'clip': False, 'replication_type': 'DOCUMENT', 'knn_derived_source_enabled': False, 'memory_optimized_search': False, 'on_disk': False, 'compression_level': '32x', 'oversample_factor': 1.0} (oss_opensearch.py:325)
2026-07-27 11:42:38,030 | INFO |Successfully updated cluster settings for index creation (oss_opensearch.py:62)
2026-07-27 11:42:38,033 | INFO |User specified metric_type: None (config.py:183)
2026-07-27 11:42:38,034 | WARNING |[1/1] case {'label': <CaseLabel.Performance: 2>, 'name': 'deneysel-custom', 'dataset': {'data': {'name': 'deneysel', 'size': 942, 'dim': 1024, 'metric_type': <MetricType.COSINE: 'COSINE'>}}, 'db': 'OSSOpenSearch'} failed to run, reason='NoneType' object has no attribute 'upper' (interface.py:200)
2026-07-27 11:42:38,038 | INFO |Task summary: run_id=d9f36, task_label=d9f36514818c4625914a8458814c1f76 (models.py:478)
2026-07-27 11:42:38,038 | INFO |DB            | db_label case            label                            | load_dur    qps        latency(p99)    latency(p95)    recall        max_load_count | label (models.py:478)
2026-07-27 11:42:38,038 | INFO |------------- | -------- --------------- -------------------------------- | ----------- ---------- --------------- --------------- ------------- -------------- | ----- (models.py:478)
2026-07-27 11:42:38,038 | INFO |OSSOpenSearch |          deneysel-custom d9f36514818c4625914a8458814c1f76 | 0.0         0.0        0.0             0.0             0.0           0              | x     (models.py:478)
2026-07-27 11:42:38,039 | INFO |write results to disk C:\Users\tft\DeneyselRAG\env\Lib\site-packages\vectordb_bench\results\OSSOpenSearch\result_20260727_d9f36514818c4625914a8458814c1f76_ossopensearch.json (models.py:315)
2026-07-27 11:42:38,040 | INFO |Success to finish task: label=d9f36514818c4625914a8458814c1f76, run_id=d9f36514818c4625914a8458814c1f76 (interface.py:219)
2026-07-27 11:42:40,303 | INFO |Task:
TaskConfig(db=<DB.OSSOpenSearch: 'OSSOpenSearch'>, db_config=OSSOpenSearchConfig(db_label='', version='', note='', host='localhost', port=9200, user='admin', password=SecretStr('**********')), db_case_config=OSSOpenSearchIndexConfig(metric_type=<MetricType.L2: 'L2'>, engine=<OSSOS_Engine.faiss: 'faiss'>, efConstruction=256, efSearch=256, engine_name=None, metric_type_name=None, M=8, index_thread_qty=4, number_of_shards=1, number_of_replicas=0, number_of_segments=1, refresh_interval='60s', force_merge_enabled=True, flush_threshold_size='5120mb', index_thread_qty_during_force_merge=4, cb_threshold='50%', number_of_indexing_clients=1, use_routing=False, quantization_type=<OSSOpenSearchQuantization.NONE: 'None'>, confidence_interval=None, clip=False, replication_type='DOCUMENT', knn_derived_source_enabled=False, memory_optimized_search=False, on_disk=False, compression_level='32x', oversample_factor=1.0), case_config=CaseConfig(case_id=<CaseType.PerformanceCustomDataset: 101>, custom_case={'name': 'deneysel-custom', 'description': 'DeneyselRAG kendi PDF korpusu', 'load_timeout': 36000, 'optimize_timeout': 36000, 'dataset_config': {'name': 'deneysel', 'dir': 'deneysel_nvidia_nv_embedqa_e5_v5', 'size': '942', 'dim': '1024', 'metric_type': 'Cosine', 'file_count': '1', 'use_shuffled': False, 'with_gt': True}}, k=10, concurrency_search_config=ConcurrencySearchConfig(num_concurrency=[1, 4, 8], concurrency_duration=30, concurrency_timeout=3600)), stages=['drop_old', 'load', 'search_serial', 'search_concurrent'], load_concurrency=0)
 (cli.py:659)
2026-07-27 11:42:40,304 | INFO |generated uuid for the tasks: ecc8aa95d4b44262b878c1d901009c13 (interface.py:73)
2026-07-27 11:42:40,596 | INFO | DB             | CaseType     Dataset               Filter | task_label (task_runner.py:411)
2026-07-27 11:42:40,596 | INFO | -----------    | ------------ -------------------- ------- | -------    (task_runner.py:411)
2026-07-27 11:42:40,596 | INFO | OSSOpenSearch  | Performance  deneysel-Custom-942      0.0 | ecc8aa95d4b44262b878c1d901009c13 (task_runner.py:411)
2026-07-27 11:42:40,596 | INFO |task submitted: id=ecc8aa95d4b44262b878c1d901009c13, ecc8aa95d4b44262b878c1d901009c13, case number: 1 (interface.py:248)
2026-07-27 11:42:41,605 | INFO |[1/1] start case: {'label': <CaseLabel.Performance: 2>, 'name': 'deneysel-custom', 'dataset': {'data': {'name': 'deneysel', 'size': 942, 'dim': 1024, 'metric_type': <MetricType.COSINE: 'COSINE'>}}, 'db': 'OSSOpenSearch'}, drop_old=True (interface.py:178)
2026-07-27 11:42:41,606 | INFO |Starting run (task_runner.py:149)
2026-07-27 11:42:41,848 | INFO |OSS_OpenSearch client config: {'hosts': [{'host': 'localhost', 'port': 9200}], 'http_auth': ('admin', 'Sifre123!_UzunVeGuclu'), 'use_ssl': False, 'http_compress': True, 'verify_certs': False, 'ssl_assert_hostname': False, 'ssl_show_warn': False, 'timeout': 600} (oss_opensearch.py:221)
2026-07-27 11:42:41,848 | INFO |OSS_OpenSearch db case config: metric_type=<MetricType.COSINE: 'COSINE'> engine=<OSSOS_Engine.faiss: 'faiss'> efConstruction=256 efSearch=256 engine_name=None metric_type_name=None M=8 index_thread_qty=4 number_of_shards=1 number_of_replicas=0 number_of_segments=1 refresh_interval='60s' force_merge_enabled=True flush_threshold_size='5120mb' index_thread_qty_during_force_merge=4 cb_threshold='50%' number_of_indexing_clients=1 use_routing=False quantization_type=<OSSOpenSearchQuantization.NONE: 'None'> confidence_interval=None clip=False replication_type='DOCUMENT' knn_derived_source_enabled=False memory_optimized_search=False on_disk=False compression_level='32x' oversample_factor=1.0 (oss_opensearch.py:222)
2026-07-27 11:42:41,849 | INFO |OSS_OpenSearch client drop old index: vdb_bench_index (oss_opensearch.py:229)
2026-07-27 11:42:41,872 | INFO |Creating index with ef_search: 256 (oss_opensearch.py:318)
2026-07-27 11:42:41,872 | INFO |Creating index with number_of_replicas: 0 (oss_opensearch.py:319)
2026-07-27 11:42:41,872 | INFO |Creating index with replication_type: DOCUMENT (oss_opensearch.py:320)
2026-07-27 11:42:41,872 | INFO |Creating index with knn_derived_source_enabled: False (oss_opensearch.py:321)
2026-07-27 11:42:41,873 | INFO |Creating index with engine: OSSOS_Engine.faiss (oss_opensearch.py:322)
2026-07-27 11:42:41,873 | INFO |Creating index with metric type: None (oss_opensearch.py:323)
2026-07-27 11:42:41,873 | INFO |Creating index with memory_optimized_search: False (oss_opensearch.py:324)
2026-07-27 11:42:41,873 | INFO |All case_config parameters: {'metric_type': <MetricType.COSINE: 'COSINE'>, 'engine': <OSSOS_Engine.faiss: 'faiss'>, 'efConstruction': 256, 'efSearch': 256, 'engine_name': None, 'metric_type_name': None, 'M': 8, 'index_thread_qty': 4, 'number_of_shards': 1, 'number_of_replicas': 0, 'number_of_segments': 1, 'refresh_interval': '60s', 'force_merge_enabled': True, 'flush_threshold_size': '5120mb', 'index_thread_qty_during_force_merge': 4, 'cb_threshold': '50%', 'number_of_indexing_clients': 1, 'use_routing': False, 'quantization_type': <OSSOpenSearchQuantization.NONE: 'None'>, 'confidence_interval': None, 'clip': False, 'replication_type': 'DOCUMENT', 'knn_derived_source_enabled': False, 'memory_optimized_search': False, 'on_disk': False, 'compression_level': '32x', 'oversample_factor': 1.0} (oss_opensearch.py:325)
2026-07-27 11:42:41,925 | INFO |Successfully updated cluster settings for index creation (oss_opensearch.py:62)
2026-07-27 11:42:41,928 | INFO |User specified metric_type: None (config.py:183)
2026-07-27 11:42:41,928 | WARNING |[1/1] case {'label': <CaseLabel.Performance: 2>, 'name': 'deneysel-custom', 'dataset': {'data': {'name': 'deneysel', 'size': 942, 'dim': 1024, 'metric_type': <MetricType.COSINE: 'COSINE'>}}, 'db': 'OSSOpenSearch'} failed to run, reason='NoneType' object has no attribute 'upper' (interface.py:200)
2026-07-27 11:42:41,932 | INFO |Task summary: run_id=ecc8a, task_label=ecc8aa95d4b44262b878c1d901009c13 (models.py:478)
2026-07-27 11:42:41,932 | INFO |DB            | db_label case            label                            | load_dur    qps        latency(p99)    latency(p95)    recall        max_load_count | label (models.py:478)
2026-07-27 11:42:41,933 | INFO |------------- | -------- --------------- -------------------------------- | ----------- ---------- --------------- --------------- ------------- -------------- | ----- (models.py:478)
2026-07-27 11:42:41,933 | INFO |OSSOpenSearch |          deneysel-custom ecc8aa95d4b44262b878c1d901009c13 | 0.0         0.0        0.0             0.0             0.0           0              | x     (models.py:478)
2026-07-27 11:42:41,933 | INFO |write results to disk C:\Users\tft\DeneyselRAG\env\Lib\site-packages\vectordb_bench\results\OSSOpenSearch\result_20260727_ecc8aa95d4b44262b878c1d901009c13_ossopensearch.json (models.py:315)
2026-07-27 11:42:41,935 | INFO |Success to finish task: label=ecc8aa95d4b44262b878c1d901009c13, run_id=ecc8aa95d4b44262b878c1d901009c13 (interface.py:219)
2026-07-27 11:42:44,213 | INFO |Task:
TaskConfig(db=<DB.OSSOpenSearch: 'OSSOpenSearch'>, db_config=OSSOpenSearchConfig(db_label='', version='', note='', host='localhost', port=9200, user='admin', password=SecretStr('**********')), db_case_config=OSSOpenSearchIndexConfig(metric_type=<MetricType.L2: 'L2'>, engine=<OSSOS_Engine.faiss: 'faiss'>, efConstruction=256, efSearch=32, engine_name=None, metric_type_name=None, M=16, index_thread_qty=4, number_of_shards=1, number_of_replicas=0, number_of_segments=1, refresh_interval='60s', force_merge_enabled=True, flush_threshold_size='5120mb', index_thread_qty_during_force_merge=4, cb_threshold='50%', number_of_indexing_clients=1, use_routing=False, quantization_type=<OSSOpenSearchQuantization.NONE: 'None'>, confidence_interval=None, clip=False, replication_type='DOCUMENT', knn_derived_source_enabled=False, memory_optimized_search=False, on_disk=False, compression_level='32x', oversample_factor=1.0), case_config=CaseConfig(case_id=<CaseType.PerformanceCustomDataset: 101>, custom_case={'name': 'deneysel-custom', 'description': 'DeneyselRAG kendi PDF korpusu', 'load_timeout': 36000, 'optimize_timeout': 36000, 'dataset_config': {'name': 'deneysel', 'dir': 'deneysel_nvidia_nv_embedqa_e5_v5', 'size': '942', 'dim': '1024', 'metric_type': 'Cosine', 'file_count': '1', 'use_shuffled': False, 'with_gt': True}}, k=10, concurrency_search_config=ConcurrencySearchConfig(num_concurrency=[1, 4, 8], concurrency_duration=30, concurrency_timeout=3600)), stages=['drop_old', 'load', 'search_serial', 'search_concurrent'], load_concurrency=0)
 (cli.py:659)
2026-07-27 11:42:44,213 | INFO |generated uuid for the tasks: b2903cf10478417487accdf4b019c574 (interface.py:73)
2026-07-27 11:42:44,506 | INFO | DB             | CaseType     Dataset               Filter | task_label (task_runner.py:411)
2026-07-27 11:42:44,506 | INFO | -----------    | ------------ -------------------- ------- | -------    (task_runner.py:411)
2026-07-27 11:42:44,507 | INFO | OSSOpenSearch  | Performance  deneysel-Custom-942      0.0 | b2903cf10478417487accdf4b019c574 (task_runner.py:411)
2026-07-27 11:42:44,507 | INFO |task submitted: id=b2903cf10478417487accdf4b019c574, b2903cf10478417487accdf4b019c574, case number: 1 (interface.py:248)
2026-07-27 11:42:45,548 | INFO |[1/1] start case: {'label': <CaseLabel.Performance: 2>, 'name': 'deneysel-custom', 'dataset': {'data': {'name': 'deneysel', 'size': 942, 'dim': 1024, 'metric_type': <MetricType.COSINE: 'COSINE'>}}, 'db': 'OSSOpenSearch'}, drop_old=True (interface.py:178)
2026-07-27 11:42:45,549 | INFO |Starting run (task_runner.py:149)
2026-07-27 11:42:45,784 | INFO |OSS_OpenSearch client config: {'hosts': [{'host': 'localhost', 'port': 9200}], 'http_auth': ('admin', 'Sifre123!_UzunVeGuclu'), 'use_ssl': False, 'http_compress': True, 'verify_certs': False, 'ssl_assert_hostname': False, 'ssl_show_warn': False, 'timeout': 600} (oss_opensearch.py:221)
2026-07-27 11:42:45,785 | INFO |OSS_OpenSearch db case config: metric_type=<MetricType.COSINE: 'COSINE'> engine=<OSSOS_Engine.faiss: 'faiss'> efConstruction=256 efSearch=32 engine_name=None metric_type_name=None M=16 index_thread_qty=4 number_of_shards=1 number_of_replicas=0 number_of_segments=1 refresh_interval='60s' force_merge_enabled=True flush_threshold_size='5120mb' index_thread_qty_during_force_merge=4 cb_threshold='50%' number_of_indexing_clients=1 use_routing=False quantization_type=<OSSOpenSearchQuantization.NONE: 'None'> confidence_interval=None clip=False replication_type='DOCUMENT' knn_derived_source_enabled=False memory_optimized_search=False on_disk=False compression_level='32x' oversample_factor=1.0 (oss_opensearch.py:222)
2026-07-27 11:42:45,785 | INFO |OSS_OpenSearch client drop old index: vdb_bench_index (oss_opensearch.py:229)
2026-07-27 11:42:45,817 | INFO |Creating index with ef_search: 32 (oss_opensearch.py:318)
2026-07-27 11:42:45,818 | INFO |Creating index with number_of_replicas: 0 (oss_opensearch.py:319)
2026-07-27 11:42:45,818 | INFO |Creating index with replication_type: DOCUMENT (oss_opensearch.py:320)
2026-07-27 11:42:45,818 | INFO |Creating index with knn_derived_source_enabled: False (oss_opensearch.py:321)
2026-07-27 11:42:45,818 | INFO |Creating index with engine: OSSOS_Engine.faiss (oss_opensearch.py:322)
2026-07-27 11:42:45,818 | INFO |Creating index with metric type: None (oss_opensearch.py:323)
2026-07-27 11:42:45,819 | INFO |Creating index with memory_optimized_search: False (oss_opensearch.py:324)
2026-07-27 11:42:45,819 | INFO |All case_config parameters: {'metric_type': <MetricType.COSINE: 'COSINE'>, 'engine': <OSSOS_Engine.faiss: 'faiss'>, 'efConstruction': 256, 'efSearch': 32, 'engine_name': None, 'metric_type_name': None, 'M': 16, 'index_thread_qty': 4, 'number_of_shards': 1, 'number_of_replicas': 0, 'number_of_segments': 1, 'refresh_interval': '60s', 'force_merge_enabled': True, 'flush_threshold_size': '5120mb', 'index_thread_qty_during_force_merge': 4, 'cb_threshold': '50%', 'number_of_indexing_clients': 1, 'use_routing': False, 'quantization_type': <OSSOpenSearchQuantization.NONE: 'None'>, 'confidence_interval': None, 'clip': False, 'replication_type': 'DOCUMENT', 'knn_derived_source_enabled': False, 'memory_optimized_search': False, 'on_disk': False, 'compression_level': '32x', 'oversample_factor': 1.0} (oss_opensearch.py:325)
2026-07-27 11:42:45,869 | INFO |Successfully updated cluster settings for index creation (oss_opensearch.py:62)
2026-07-27 11:42:45,872 | INFO |User specified metric_type: None (config.py:183)
2026-07-27 11:42:45,872 | WARNING |[1/1] case {'label': <CaseLabel.Performance: 2>, 'name': 'deneysel-custom', 'dataset': {'data': {'name': 'deneysel', 'size': 942, 'dim': 1024, 'metric_type': <MetricType.COSINE: 'COSINE'>}}, 'db': 'OSSOpenSearch'} failed to run, reason='NoneType' object has no attribute 'upper' (interface.py:200)
2026-07-27 11:42:45,876 | INFO |Task summary: run_id=b2903, task_label=b2903cf10478417487accdf4b019c574 (models.py:478)
2026-07-27 11:42:45,877 | INFO |DB            | db_label case            label                            | load_dur    qps        latency(p99)    latency(p95)    recall        max_load_count | label (models.py:478)
2026-07-27 11:42:45,877 | INFO |------------- | -------- --------------- -------------------------------- | ----------- ---------- --------------- --------------- ------------- -------------- | ----- (models.py:478)
2026-07-27 11:42:45,877 | INFO |OSSOpenSearch |          deneysel-custom b2903cf10478417487accdf4b019c574 | 0.0         0.0        0.0             0.0             0.0           0              | x     (models.py:478)
2026-07-27 11:42:45,877 | INFO |write results to disk C:\Users\tft\DeneyselRAG\env\Lib\site-packages\vectordb_bench\results\OSSOpenSearch\result_20260727_b2903cf10478417487accdf4b019c574_ossopensearch.json (models.py:315)
2026-07-27 11:42:45,879 | INFO |Success to finish task: label=b2903cf10478417487accdf4b019c574, run_id=b2903cf10478417487accdf4b019c574 (interface.py:219)
2026-07-27 11:42:48,064 | INFO |Task:
TaskConfig(db=<DB.OSSOpenSearch: 'OSSOpenSearch'>, db_config=OSSOpenSearchConfig(db_label='', version='', note='', host='localhost', port=9200, user='admin', password=SecretStr('**********')), db_case_config=OSSOpenSearchIndexConfig(metric_type=<MetricType.L2: 'L2'>, engine=<OSSOS_Engine.faiss: 'faiss'>, efConstruction=256, efSearch=64, engine_name=None, metric_type_name=None, M=16, index_thread_qty=4, number_of_shards=1, number_of_replicas=0, number_of_segments=1, refresh_interval='60s', force_merge_enabled=True, flush_threshold_size='5120mb', index_thread_qty_during_force_merge=4, cb_threshold='50%', number_of_indexing_clients=1, use_routing=False, quantization_type=<OSSOpenSearchQuantization.NONE: 'None'>, confidence_interval=None, clip=False, replication_type='DOCUMENT', knn_derived_source_enabled=False, memory_optimized_search=False, on_disk=False, compression_level='32x', oversample_factor=1.0), case_config=CaseConfig(case_id=<CaseType.PerformanceCustomDataset: 101>, custom_case={'name': 'deneysel-custom', 'description': 'DeneyselRAG kendi PDF korpusu', 'load_timeout': 36000, 'optimize_timeout': 36000, 'dataset_config': {'name': 'deneysel', 'dir': 'deneysel_nvidia_nv_embedqa_e5_v5', 'size': '942', 'dim': '1024', 'metric_type': 'Cosine', 'file_count': '1', 'use_shuffled': False, 'with_gt': True}}, k=10, concurrency_search_config=ConcurrencySearchConfig(num_concurrency=[1, 4, 8], concurrency_duration=30, concurrency_timeout=3600)), stages=['drop_old', 'load', 'search_serial', 'search_concurrent'], load_concurrency=0)
 (cli.py:659)
2026-07-27 11:42:48,064 | INFO |generated uuid for the tasks: ad469a3af4bc46768698dc21cc2571f4 (interface.py:73)
2026-07-27 11:42:48,374 | INFO | DB             | CaseType     Dataset               Filter | task_label (task_runner.py:411)
2026-07-27 11:42:48,374 | INFO | -----------    | ------------ -------------------- ------- | -------    (task_runner.py:411)
2026-07-27 11:42:48,375 | INFO | OSSOpenSearch  | Performance  deneysel-Custom-942      0.0 | ad469a3af4bc46768698dc21cc2571f4 (task_runner.py:411)
2026-07-27 11:42:48,375 | INFO |task submitted: id=ad469a3af4bc46768698dc21cc2571f4, ad469a3af4bc46768698dc21cc2571f4, case number: 1 (interface.py:248)
2026-07-27 11:42:49,410 | INFO |[1/1] start case: {'label': <CaseLabel.Performance: 2>, 'name': 'deneysel-custom', 'dataset': {'data': {'name': 'deneysel', 'size': 942, 'dim': 1024, 'metric_type': <MetricType.COSINE: 'COSINE'>}}, 'db': 'OSSOpenSearch'}, drop_old=True (interface.py:178)
2026-07-27 11:42:49,411 | INFO |Starting run (task_runner.py:149)
2026-07-27 11:42:49,656 | INFO |OSS_OpenSearch client config: {'hosts': [{'host': 'localhost', 'port': 9200}], 'http_auth': ('admin', 'Sifre123!_UzunVeGuclu'), 'use_ssl': False, 'http_compress': True, 'verify_certs': False, 'ssl_assert_hostname': False, 'ssl_show_warn': False, 'timeout': 600} (oss_opensearch.py:221)
2026-07-27 11:42:49,656 | INFO |OSS_OpenSearch db case config: metric_type=<MetricType.COSINE: 'COSINE'> engine=<OSSOS_Engine.faiss: 'faiss'> efConstruction=256 efSearch=64 engine_name=None metric_type_name=None M=16 index_thread_qty=4 number_of_shards=1 number_of_replicas=0 number_of_segments=1 refresh_interval='60s' force_merge_enabled=True flush_threshold_size='5120mb' index_thread_qty_during_force_merge=4 cb_threshold='50%' number_of_indexing_clients=1 use_routing=False quantization_type=<OSSOpenSearchQuantization.NONE: 'None'> confidence_interval=None clip=False replication_type='DOCUMENT' knn_derived_source_enabled=False memory_optimized_search=False on_disk=False compression_level='32x' oversample_factor=1.0 (oss_opensearch.py:222)
2026-07-27 11:42:49,657 | INFO |OSS_OpenSearch client drop old index: vdb_bench_index (oss_opensearch.py:229)
2026-07-27 11:42:49,678 | INFO |Creating index with ef_search: 64 (oss_opensearch.py:318)
2026-07-27 11:42:49,679 | INFO |Creating index with number_of_replicas: 0 (oss_opensearch.py:319)
2026-07-27 11:42:49,679 | INFO |Creating index with replication_type: DOCUMENT (oss_opensearch.py:320)
2026-07-27 11:42:49,680 | INFO |Creating index with knn_derived_source_enabled: False (oss_opensearch.py:321)
2026-07-27 11:42:49,680 | INFO |Creating index with engine: OSSOS_Engine.faiss (oss_opensearch.py:322)
2026-07-27 11:42:49,680 | INFO |Creating index with metric type: None (oss_opensearch.py:323)
2026-07-27 11:42:49,680 | INFO |Creating index with memory_optimized_search: False (oss_opensearch.py:324)
2026-07-27 11:42:49,680 | INFO |All case_config parameters: {'metric_type': <MetricType.COSINE: 'COSINE'>, 'engine': <OSSOS_Engine.faiss: 'faiss'>, 'efConstruction': 256, 'efSearch': 64, 'engine_name': None, 'metric_type_name': None, 'M': 16, 'index_thread_qty': 4, 'number_of_shards': 1, 'number_of_replicas': 0, 'number_of_segments': 1, 'refresh_interval': '60s', 'force_merge_enabled': True, 'flush_threshold_size': '5120mb', 'index_thread_qty_during_force_merge': 4, 'cb_threshold': '50%', 'number_of_indexing_clients': 1, 'use_routing': False, 'quantization_type': <OSSOpenSearchQuantization.NONE: 'None'>, 'confidence_interval': None, 'clip': False, 'replication_type': 'DOCUMENT', 'knn_derived_source_enabled': False, 'memory_optimized_search': False, 'on_disk': False, 'compression_level': '32x', 'oversample_factor': 1.0} (oss_opensearch.py:325)
2026-07-27 11:42:49,736 | INFO |Successfully updated cluster settings for index creation (oss_opensearch.py:62)
2026-07-27 11:42:49,740 | INFO |User specified metric_type: None (config.py:183)
2026-07-27 11:42:49,740 | WARNING |[1/1] case {'label': <CaseLabel.Performance: 2>, 'name': 'deneysel-custom', 'dataset': {'data': {'name': 'deneysel', 'size': 942, 'dim': 1024, 'metric_type': <MetricType.COSINE: 'COSINE'>}}, 'db': 'OSSOpenSearch'} failed to run, reason='NoneType' object has no attribute 'upper' (interface.py:200)
2026-07-27 11:42:49,746 | INFO |Task summary: run_id=ad469, task_label=ad469a3af4bc46768698dc21cc2571f4 (models.py:478)
2026-07-27 11:42:49,746 | INFO |DB            | db_label case            label                            | load_dur    qps        latency(p99)    latency(p95)    recall        max_load_count | label (models.py:478)
2026-07-27 11:42:49,746 | INFO |------------- | -------- --------------- -------------------------------- | ----------- ---------- --------------- --------------- ------------- -------------- | ----- (models.py:478)
2026-07-27 11:42:49,746 | INFO |OSSOpenSearch |          deneysel-custom ad469a3af4bc46768698dc21cc2571f4 | 0.0         0.0        0.0             0.0             0.0           0              | x     (models.py:478)
2026-07-27 11:42:49,747 | INFO |write results to disk C:\Users\tft\DeneyselRAG\env\Lib\site-packages\vectordb_bench\results\OSSOpenSearch\result_20260727_ad469a3af4bc46768698dc21cc2571f4_ossopensearch.json (models.py:315)
2026-07-27 11:42:49,749 | INFO |Success to finish task: label=ad469a3af4bc46768698dc21cc2571f4, run_id=ad469a3af4bc46768698dc21cc2571f4 (interface.py:219)
2026-07-27 11:42:51,895 | INFO |Task:
TaskConfig(db=<DB.OSSOpenSearch: 'OSSOpenSearch'>, db_config=OSSOpenSearchConfig(db_label='', version='', note='', host='localhost', port=9200, user='admin', password=SecretStr('**********')), db_case_config=OSSOpenSearchIndexConfig(metric_type=<MetricType.L2: 'L2'>, engine=<OSSOS_Engine.faiss: 'faiss'>, efConstruction=256, efSearch=128, engine_name=None, metric_type_name=None, M=16, index_thread_qty=4, number_of_shards=1, number_of_replicas=0, number_of_segments=1, refresh_interval='60s', force_merge_enabled=True, flush_threshold_size='5120mb', index_thread_qty_during_force_merge=4, cb_threshold='50%', number_of_indexing_clients=1, use_routing=False, quantization_type=<OSSOpenSearchQuantization.NONE: 'None'>, confidence_interval=None, clip=False, replication_type='DOCUMENT', knn_derived_source_enabled=False, memory_optimized_search=False, on_disk=False, compression_level='32x', oversample_factor=1.0), case_config=CaseConfig(case_id=<CaseType.PerformanceCustomDataset: 101>, custom_case={'name': 'deneysel-custom', 'description': 'DeneyselRAG kendi PDF korpusu', 'load_timeout': 36000, 'optimize_timeout': 36000, 'dataset_config': {'name': 'deneysel', 'dir': 'deneysel_nvidia_nv_embedqa_e5_v5', 'size': '942', 'dim': '1024', 'metric_type': 'Cosine', 'file_count': '1', 'use_shuffled': False, 'with_gt': True}}, k=10, concurrency_search_config=ConcurrencySearchConfig(num_concurrency=[1, 4, 8], concurrency_duration=30, concurrency_timeout=3600)), stages=['drop_old', 'load', 'search_serial', 'search_concurrent'], load_concurrency=0)
 (cli.py:659)
2026-07-27 11:42:51,896 | INFO |generated uuid for the tasks: 1671caf1345e41e587b233f2fb9191f6 (interface.py:73)
2026-07-27 11:42:52,179 | INFO | DB             | CaseType     Dataset               Filter | task_label (task_runner.py:411)
2026-07-27 11:42:52,179 | INFO | -----------    | ------------ -------------------- ------- | -------    (task_runner.py:411)
2026-07-27 11:42:52,180 | INFO | OSSOpenSearch  | Performance  deneysel-Custom-942      0.0 | 1671caf1345e41e587b233f2fb9191f6 (task_runner.py:411)
2026-07-27 11:42:52,180 | INFO |task submitted: id=1671caf1345e41e587b233f2fb9191f6, 1671caf1345e41e587b233f2fb9191f6, case number: 1 (interface.py:248)
2026-07-27 11:42:53,227 | INFO |[1/1] start case: {'label': <CaseLabel.Performance: 2>, 'name': 'deneysel-custom', 'dataset': {'data': {'name': 'deneysel', 'size': 942, 'dim': 1024, 'metric_type': <MetricType.COSINE: 'COSINE'>}}, 'db': 'OSSOpenSearch'}, drop_old=True (interface.py:178)
2026-07-27 11:42:53,228 | INFO |Starting run (task_runner.py:149)
2026-07-27 11:42:53,472 | INFO |OSS_OpenSearch client config: {'hosts': [{'host': 'localhost', 'port': 9200}], 'http_auth': ('admin', 'Sifre123!_UzunVeGuclu'), 'use_ssl': False, 'http_compress': True, 'verify_certs': False, 'ssl_assert_hostname': False, 'ssl_show_warn': False, 'timeout': 600} (oss_opensearch.py:221)
2026-07-27 11:42:53,472 | INFO |OSS_OpenSearch db case config: metric_type=<MetricType.COSINE: 'COSINE'> engine=<OSSOS_Engine.faiss: 'faiss'> efConstruction=256 efSearch=128 engine_name=None metric_type_name=None M=16 index_thread_qty=4 number_of_shards=1 number_of_replicas=0 number_of_segments=1 refresh_interval='60s' force_merge_enabled=True flush_threshold_size='5120mb' index_thread_qty_during_force_merge=4 cb_threshold='50%' number_of_indexing_clients=1 use_routing=False quantization_type=<OSSOpenSearchQuantization.NONE: 'None'> confidence_interval=None clip=False replication_type='DOCUMENT' knn_derived_source_enabled=False memory_optimized_search=False on_disk=False compression_level='32x' oversample_factor=1.0 (oss_opensearch.py:222)
2026-07-27 11:42:53,472 | INFO |OSS_OpenSearch client drop old index: vdb_bench_index (oss_opensearch.py:229)
2026-07-27 11:42:53,494 | INFO |Creating index with ef_search: 128 (oss_opensearch.py:318)
2026-07-27 11:42:53,494 | INFO |Creating index with number_of_replicas: 0 (oss_opensearch.py:319)
2026-07-27 11:42:53,494 | INFO |Creating index with replication_type: DOCUMENT (oss_opensearch.py:320)
2026-07-27 11:42:53,494 | INFO |Creating index with knn_derived_source_enabled: False (oss_opensearch.py:321)
2026-07-27 11:42:53,495 | INFO |Creating index with engine: OSSOS_Engine.faiss (oss_opensearch.py:322)
2026-07-27 11:42:53,495 | INFO |Creating index with metric type: None (oss_opensearch.py:323)
2026-07-27 11:42:53,495 | INFO |Creating index with memory_optimized_search: False (oss_opensearch.py:324)
2026-07-27 11:42:53,495 | INFO |All case_config parameters: {'metric_type': <MetricType.COSINE: 'COSINE'>, 'engine': <OSSOS_Engine.faiss: 'faiss'>, 'efConstruction': 256, 'efSearch': 128, 'engine_name': None, 'metric_type_name': None, 'M': 16, 'index_thread_qty': 4, 'number_of_shards': 1, 'number_of_replicas': 0, 'number_of_segments': 1, 'refresh_interval': '60s', 'force_merge_enabled': True, 'flush_threshold_size': '5120mb', 'index_thread_qty_during_force_merge': 4, 'cb_threshold': '50%', 'number_of_indexing_clients': 1, 'use_routing': False, 'quantization_type': <OSSOpenSearchQuantization.NONE: 'None'>, 'confidence_interval': None, 'clip': False, 'replication_type': 'DOCUMENT', 'knn_derived_source_enabled': False, 'memory_optimized_search': False, 'on_disk': False, 'compression_level': '32x', 'oversample_factor': 1.0} (oss_opensearch.py:325)
2026-07-27 11:42:53,545 | INFO |Successfully updated cluster settings for index creation (oss_opensearch.py:62)
2026-07-27 11:42:53,547 | INFO |User specified metric_type: None (config.py:183)
2026-07-27 11:42:53,547 | WARNING |[1/1] case {'label': <CaseLabel.Performance: 2>, 'name': 'deneysel-custom', 'dataset': {'data': {'name': 'deneysel', 'size': 942, 'dim': 1024, 'metric_type': <MetricType.COSINE: 'COSINE'>}}, 'db': 'OSSOpenSearch'} failed to run, reason='NoneType' object has no attribute 'upper' (interface.py:200)
2026-07-27 11:42:53,551 | INFO |Task summary: run_id=1671c, task_label=1671caf1345e41e587b233f2fb9191f6 (models.py:478)
2026-07-27 11:42:53,551 | INFO |DB            | db_label case            label                            | load_dur    qps        latency(p99)    latency(p95)    recall        max_load_count | label (models.py:478)
2026-07-27 11:42:53,552 | INFO |------------- | -------- --------------- -------------------------------- | ----------- ---------- --------------- --------------- ------------- -------------- | ----- (models.py:478)
2026-07-27 11:42:53,552 | INFO |OSSOpenSearch |          deneysel-custom 1671caf1345e41e587b233f2fb9191f6 | 0.0         0.0        0.0             0.0             0.0           0              | x     (models.py:478)
2026-07-27 11:42:53,552 | INFO |write results to disk C:\Users\tft\DeneyselRAG\env\Lib\site-packages\vectordb_bench\results\OSSOpenSearch\result_20260727_1671caf1345e41e587b233f2fb9191f6_ossopensearch.json (models.py:315)
2026-07-27 11:42:53,554 | INFO |Success to finish task: label=1671caf1345e41e587b233f2fb9191f6, run_id=1671caf1345e41e587b233f2fb9191f6 (interface.py:219)
2026-07-27 11:42:55,756 | INFO |Task:
TaskConfig(db=<DB.OSSOpenSearch: 'OSSOpenSearch'>, db_config=OSSOpenSearchConfig(db_label='', version='', note='', host='localhost', port=9200, user='admin', password=SecretStr('**********')), db_case_config=OSSOpenSearchIndexConfig(metric_type=<MetricType.L2: 'L2'>, engine=<OSSOS_Engine.faiss: 'faiss'>, efConstruction=256, efSearch=256, engine_name=None, metric_type_name=None, M=16, index_thread_qty=4, number_of_shards=1, number_of_replicas=0, number_of_segments=1, refresh_interval='60s', force_merge_enabled=True, flush_threshold_size='5120mb', index_thread_qty_during_force_merge=4, cb_threshold='50%', number_of_indexing_clients=1, use_routing=False, quantization_type=<OSSOpenSearchQuantization.NONE: 'None'>, confidence_interval=None, clip=False, replication_type='DOCUMENT', knn_derived_source_enabled=False, memory_optimized_search=False, on_disk=False, compression_level='32x', oversample_factor=1.0), case_config=CaseConfig(case_id=<CaseType.PerformanceCustomDataset: 101>, custom_case={'name': 'deneysel-custom', 'description': 'DeneyselRAG kendi PDF korpusu', 'load_timeout': 36000, 'optimize_timeout': 36000, 'dataset_config': {'name': 'deneysel', 'dir': 'deneysel_nvidia_nv_embedqa_e5_v5', 'size': '942', 'dim': '1024', 'metric_type': 'Cosine', 'file_count': '1', 'use_shuffled': False, 'with_gt': True}}, k=10, concurrency_search_config=ConcurrencySearchConfig(num_concurrency=[1, 4, 8], concurrency_duration=30, concurrency_timeout=3600)), stages=['drop_old', 'load', 'search_serial', 'search_concurrent'], load_concurrency=0)
 (cli.py:659)
2026-07-27 11:42:55,757 | INFO |generated uuid for the tasks: 15ad78b761fb449a8a04dc557fa443b1 (interface.py:73)
2026-07-27 11:42:56,037 | INFO | DB             | CaseType     Dataset               Filter | task_label (task_runner.py:411)
2026-07-27 11:42:56,037 | INFO | -----------    | ------------ -------------------- ------- | -------    (task_runner.py:411)
2026-07-27 11:42:56,037 | INFO | OSSOpenSearch  | Performance  deneysel-Custom-942      0.0 | 15ad78b761fb449a8a04dc557fa443b1 (task_runner.py:411)
2026-07-27 11:42:56,037 | INFO |task submitted: id=15ad78b761fb449a8a04dc557fa443b1, 15ad78b761fb449a8a04dc557fa443b1, case number: 1 (interface.py:248)
2026-07-27 11:42:57,065 | INFO |[1/1] start case: {'label': <CaseLabel.Performance: 2>, 'name': 'deneysel-custom', 'dataset': {'data': {'name': 'deneysel', 'size': 942, 'dim': 1024, 'metric_type': <MetricType.COSINE: 'COSINE'>}}, 'db': 'OSSOpenSearch'}, drop_old=True (interface.py:178)
2026-07-27 11:42:57,065 | INFO |Starting run (task_runner.py:149)
2026-07-27 11:42:57,315 | INFO |OSS_OpenSearch client config: {'hosts': [{'host': 'localhost', 'port': 9200}], 'http_auth': ('admin', 'Sifre123!_UzunVeGuclu'), 'use_ssl': False, 'http_compress': True, 'verify_certs': False, 'ssl_assert_hostname': False, 'ssl_show_warn': False, 'timeout': 600} (oss_opensearch.py:221)
2026-07-27 11:42:57,315 | INFO |OSS_OpenSearch db case config: metric_type=<MetricType.COSINE: 'COSINE'> engine=<OSSOS_Engine.faiss: 'faiss'> efConstruction=256 efSearch=256 engine_name=None metric_type_name=None M=16 index_thread_qty=4 number_of_shards=1 number_of_replicas=0 number_of_segments=1 refresh_interval='60s' force_merge_enabled=True flush_threshold_size='5120mb' index_thread_qty_during_force_merge=4 cb_threshold='50%' number_of_indexing_clients=1 use_routing=False quantization_type=<OSSOpenSearchQuantization.NONE: 'None'> confidence_interval=None clip=False replication_type='DOCUMENT' knn_derived_source_enabled=False memory_optimized_search=False on_disk=False compression_level='32x' oversample_factor=1.0 (oss_opensearch.py:222)
2026-07-27 11:42:57,316 | INFO |OSS_OpenSearch client drop old index: vdb_bench_index (oss_opensearch.py:229)
2026-07-27 11:42:57,327 | INFO |Creating index with ef_search: 256 (oss_opensearch.py:318)
2026-07-27 11:42:57,328 | INFO |Creating index with number_of_replicas: 0 (oss_opensearch.py:319)
2026-07-27 11:42:57,328 | INFO |Creating index with replication_type: DOCUMENT (oss_opensearch.py:320)
2026-07-27 11:42:57,328 | INFO |Creating index with knn_derived_source_enabled: False (oss_opensearch.py:321)
2026-07-27 11:42:57,329 | INFO |Creating index with engine: OSSOS_Engine.faiss (oss_opensearch.py:322)
2026-07-27 11:42:57,329 | INFO |Creating index with metric type: None (oss_opensearch.py:323)
2026-07-27 11:42:57,329 | INFO |Creating index with memory_optimized_search: False (oss_opensearch.py:324)
2026-07-27 11:42:57,329 | INFO |All case_config parameters: {'metric_type': <MetricType.COSINE: 'COSINE'>, 'engine': <OSSOS_Engine.faiss: 'faiss'>, 'efConstruction': 256, 'efSearch': 256, 'engine_name': None, 'metric_type_name': None, 'M': 16, 'index_thread_qty': 4, 'number_of_shards': 1, 'number_of_replicas': 0, 'number_of_segments': 1, 'refresh_interval': '60s', 'force_merge_enabled': True, 'flush_threshold_size': '5120mb', 'index_thread_qty_during_force_merge': 4, 'cb_threshold': '50%', 'number_of_indexing_clients': 1, 'use_routing': False, 'quantization_type': <OSSOpenSearchQuantization.NONE: 'None'>, 'confidence_interval': None, 'clip': False, 'replication_type': 'DOCUMENT', 'knn_derived_source_enabled': False, 'memory_optimized_search': False, 'on_disk': False, 'compression_level': '32x', 'oversample_factor': 1.0} (oss_opensearch.py:325)
2026-07-27 11:42:57,379 | INFO |Successfully updated cluster settings for index creation (oss_opensearch.py:62)
2026-07-27 11:42:57,383 | INFO |User specified metric_type: None (config.py:183)
2026-07-27 11:42:57,383 | WARNING |[1/1] case {'label': <CaseLabel.Performance: 2>, 'name': 'deneysel-custom', 'dataset': {'data': {'name': 'deneysel', 'size': 942, 'dim': 1024, 'metric_type': <MetricType.COSINE: 'COSINE'>}}, 'db': 'OSSOpenSearch'} failed to run, reason='NoneType' object has no attribute 'upper' (interface.py:200)
2026-07-27 11:42:57,389 | INFO |Task summary: run_id=15ad7, task_label=15ad78b761fb449a8a04dc557fa443b1 (models.py:478)
2026-07-27 11:42:57,390 | INFO |DB            | db_label case            label                            | load_dur    qps        latency(p99)    latency(p95)    recall        max_load_count | label (models.py:478)
2026-07-27 11:42:57,390 | INFO |------------- | -------- --------------- -------------------------------- | ----------- ---------- --------------- --------------- ------------- -------------- | ----- (models.py:478)
2026-07-27 11:42:57,390 | INFO |OSSOpenSearch |          deneysel-custom 15ad78b761fb449a8a04dc557fa443b1 | 0.0         0.0        0.0             0.0             0.0           0              | x     (models.py:478)
2026-07-27 11:42:57,391 | INFO |write results to disk C:\Users\tft\DeneyselRAG\env\Lib\site-packages\vectordb_bench\results\OSSOpenSearch\result_20260727_15ad78b761fb449a8a04dc557fa443b1_ossopensearch.json (models.py:315)
2026-07-27 11:42:57,393 | INFO |Success to finish task: label=15ad78b761fb449a8a04dc557fa443b1, run_id=15ad78b761fb449a8a04dc557fa443b1 (interface.py:219)
2026-07-27 11:42:59,579 | INFO |Task:
TaskConfig(db=<DB.OSSOpenSearch: 'OSSOpenSearch'>, db_config=OSSOpenSearchConfig(db_label='', version='', note='', host='localhost', port=9200, user='admin', password=SecretStr('**********')), db_case_config=OSSOpenSearchIndexConfig(metric_type=<MetricType.L2: 'L2'>, engine=<OSSOS_Engine.faiss: 'faiss'>, efConstruction=256, efSearch=32, engine_name=None, metric_type_name=None, M=32, index_thread_qty=4, number_of_shards=1, number_of_replicas=0, number_of_segments=1, refresh_interval='60s', force_merge_enabled=True, flush_threshold_size='5120mb', index_thread_qty_during_force_merge=4, cb_threshold='50%', number_of_indexing_clients=1, use_routing=False, quantization_type=<OSSOpenSearchQuantization.NONE: 'None'>, confidence_interval=None, clip=False, replication_type='DOCUMENT', knn_derived_source_enabled=False, memory_optimized_search=False, on_disk=False, compression_level='32x', oversample_factor=1.0), case_config=CaseConfig(case_id=<CaseType.PerformanceCustomDataset: 101>, custom_case={'name': 'deneysel-custom', 'description': 'DeneyselRAG kendi PDF korpusu', 'load_timeout': 36000, 'optimize_timeout': 36000, 'dataset_config': {'name': 'deneysel', 'dir': 'deneysel_nvidia_nv_embedqa_e5_v5', 'size': '942', 'dim': '1024', 'metric_type': 'Cosine', 'file_count': '1', 'use_shuffled': False, 'with_gt': True}}, k=10, concurrency_search_config=ConcurrencySearchConfig(num_concurrency=[1, 4, 8], concurrency_duration=30, concurrency_timeout=3600)), stages=['drop_old', 'load', 'search_serial', 'search_concurrent'], load_concurrency=0)
 (cli.py:659)
2026-07-27 11:42:59,579 | INFO |generated uuid for the tasks: 982dc64b72994ccbac7c21c0d96c1100 (interface.py:73)
2026-07-27 11:42:59,892 | INFO | DB             | CaseType     Dataset               Filter | task_label (task_runner.py:411)
2026-07-27 11:42:59,892 | INFO | -----------    | ------------ -------------------- ------- | -------    (task_runner.py:411)
2026-07-27 11:42:59,892 | INFO | OSSOpenSearch  | Performance  deneysel-Custom-942      0.0 | 982dc64b72994ccbac7c21c0d96c1100 (task_runner.py:411)
2026-07-27 11:42:59,893 | INFO |task submitted: id=982dc64b72994ccbac7c21c0d96c1100, 982dc64b72994ccbac7c21c0d96c1100, case number: 1 (interface.py:248)
2026-07-27 11:43:00,895 | INFO |[1/1] start case: {'label': <CaseLabel.Performance: 2>, 'name': 'deneysel-custom', 'dataset': {'data': {'name': 'deneysel', 'size': 942, 'dim': 1024, 'metric_type': <MetricType.COSINE: 'COSINE'>}}, 'db': 'OSSOpenSearch'}, drop_old=True (interface.py:178)
2026-07-27 11:43:00,896 | INFO |Starting run (task_runner.py:149)
2026-07-27 11:43:01,134 | INFO |OSS_OpenSearch client config: {'hosts': [{'host': 'localhost', 'port': 9200}], 'http_auth': ('admin', 'Sifre123!_UzunVeGuclu'), 'use_ssl': False, 'http_compress': True, 'verify_certs': False, 'ssl_assert_hostname': False, 'ssl_show_warn': False, 'timeout': 600} (oss_opensearch.py:221)
2026-07-27 11:43:01,134 | INFO |OSS_OpenSearch db case config: metric_type=<MetricType.COSINE: 'COSINE'> engine=<OSSOS_Engine.faiss: 'faiss'> efConstruction=256 efSearch=32 engine_name=None metric_type_name=None M=32 index_thread_qty=4 number_of_shards=1 number_of_replicas=0 number_of_segments=1 refresh_interval='60s' force_merge_enabled=True flush_threshold_size='5120mb' index_thread_qty_during_force_merge=4 cb_threshold='50%' number_of_indexing_clients=1 use_routing=False quantization_type=<OSSOpenSearchQuantization.NONE: 'None'> confidence_interval=None clip=False replication_type='DOCUMENT' knn_derived_source_enabled=False memory_optimized_search=False on_disk=False compression_level='32x' oversample_factor=1.0 (oss_opensearch.py:222)
2026-07-27 11:43:01,135 | INFO |OSS_OpenSearch client drop old index: vdb_bench_index (oss_opensearch.py:229)
2026-07-27 11:43:01,159 | INFO |Creating index with ef_search: 32 (oss_opensearch.py:318)
2026-07-27 11:43:01,159 | INFO |Creating index with number_of_replicas: 0 (oss_opensearch.py:319)
2026-07-27 11:43:01,159 | INFO |Creating index with replication_type: DOCUMENT (oss_opensearch.py:320)
2026-07-27 11:43:01,160 | INFO |Creating index with knn_derived_source_enabled: False (oss_opensearch.py:321)
2026-07-27 11:43:01,160 | INFO |Creating index with engine: OSSOS_Engine.faiss (oss_opensearch.py:322)
2026-07-27 11:43:01,160 | INFO |Creating index with metric type: None (oss_opensearch.py:323)
2026-07-27 11:43:01,160 | INFO |Creating index with memory_optimized_search: False (oss_opensearch.py:324)
2026-07-27 11:43:01,160 | INFO |All case_config parameters: {'metric_type': <MetricType.COSINE: 'COSINE'>, 'engine': <OSSOS_Engine.faiss: 'faiss'>, 'efConstruction': 256, 'efSearch': 32, 'engine_name': None, 'metric_type_name': None, 'M': 32, 'index_thread_qty': 4, 'number_of_shards': 1, 'number_of_replicas': 0, 'number_of_segments': 1, 'refresh_interval': '60s', 'force_merge_enabled': True, 'flush_threshold_size': '5120mb', 'index_thread_qty_during_force_merge': 4, 'cb_threshold': '50%', 'number_of_indexing_clients': 1, 'use_routing': False, 'quantization_type': <OSSOpenSearchQuantization.NONE: 'None'>, 'confidence_interval': None, 'clip': False, 'replication_type': 'DOCUMENT', 'knn_derived_source_enabled': False, 'memory_optimized_search': False, 'on_disk': False, 'compression_level': '32x', 'oversample_factor': 1.0} (oss_opensearch.py:325)
2026-07-27 11:43:01,211 | INFO |Successfully updated cluster settings for index creation (oss_opensearch.py:62)
2026-07-27 11:43:01,214 | INFO |User specified metric_type: None (config.py:183)
2026-07-27 11:43:01,214 | WARNING |[1/1] case {'label': <CaseLabel.Performance: 2>, 'name': 'deneysel-custom', 'dataset': {'data': {'name': 'deneysel', 'size': 942, 'dim': 1024, 'metric_type': <MetricType.COSINE: 'COSINE'>}}, 'db': 'OSSOpenSearch'} failed to run, reason='NoneType' object has no attribute 'upper' (interface.py:200)
2026-07-27 11:43:01,218 | INFO |Task summary: run_id=982dc, task_label=982dc64b72994ccbac7c21c0d96c1100 (models.py:478)
2026-07-27 11:43:01,219 | INFO |DB            | db_label case            label                            | load_dur    qps        latency(p99)    latency(p95)    recall        max_load_count | label (models.py:478)
2026-07-27 11:43:01,219 | INFO |------------- | -------- --------------- -------------------------------- | ----------- ---------- --------------- --------------- ------------- -------------- | ----- (models.py:478)
2026-07-27 11:43:01,219 | INFO |OSSOpenSearch |          deneysel-custom 982dc64b72994ccbac7c21c0d96c1100 | 0.0         0.0        0.0             0.0             0.0           0              | x     (models.py:478)
2026-07-27 11:43:01,219 | INFO |write results to disk C:\Users\tft\DeneyselRAG\env\Lib\site-packages\vectordb_bench\results\OSSOpenSearch\result_20260727_982dc64b72994ccbac7c21c0d96c1100_ossopensearch.json (models.py:315)
2026-07-27 11:43:01,221 | INFO |Success to finish task: label=982dc64b72994ccbac7c21c0d96c1100, run_id=982dc64b72994ccbac7c21c0d96c1100 (interface.py:219)
2026-07-27 11:43:03,434 | INFO |Task:
TaskConfig(db=<DB.OSSOpenSearch: 'OSSOpenSearch'>, db_config=OSSOpenSearchConfig(db_label='', version='', note='', host='localhost', port=9200, user='admin', password=SecretStr('**********')), db_case_config=OSSOpenSearchIndexConfig(metric_type=<MetricType.L2: 'L2'>, engine=<OSSOS_Engine.faiss: 'faiss'>, efConstruction=256, efSearch=64, engine_name=None, metric_type_name=None, M=32, index_thread_qty=4, number_of_shards=1, number_of_replicas=0, number_of_segments=1, refresh_interval='60s', force_merge_enabled=True, flush_threshold_size='5120mb', index_thread_qty_during_force_merge=4, cb_threshold='50%', number_of_indexing_clients=1, use_routing=False, quantization_type=<OSSOpenSearchQuantization.NONE: 'None'>, confidence_interval=None, clip=False, replication_type='DOCUMENT', knn_derived_source_enabled=False, memory_optimized_search=False, on_disk=False, compression_level='32x', oversample_factor=1.0), case_config=CaseConfig(case_id=<CaseType.PerformanceCustomDataset: 101>, custom_case={'name': 'deneysel-custom', 'description': 'DeneyselRAG kendi PDF korpusu', 'load_timeout': 36000, 'optimize_timeout': 36000, 'dataset_config': {'name': 'deneysel', 'dir': 'deneysel_nvidia_nv_embedqa_e5_v5', 'size': '942', 'dim': '1024', 'metric_type': 'Cosine', 'file_count': '1', 'use_shuffled': False, 'with_gt': True}}, k=10, concurrency_search_config=ConcurrencySearchConfig(num_concurrency=[1, 4, 8], concurrency_duration=30, concurrency_timeout=3600)), stages=['drop_old', 'load', 'search_serial', 'search_concurrent'], load_concurrency=0)
 (cli.py:659)
2026-07-27 11:43:03,435 | INFO |generated uuid for the tasks: fdd7b1863ef841508f5b6561c17e41b8 (interface.py:73)
2026-07-27 11:43:03,720 | INFO | DB             | CaseType     Dataset               Filter | task_label (task_runner.py:411)
2026-07-27 11:43:03,720 | INFO | -----------    | ------------ -------------------- ------- | -------    (task_runner.py:411)
2026-07-27 11:43:03,721 | INFO | OSSOpenSearch  | Performance  deneysel-Custom-942      0.0 | fdd7b1863ef841508f5b6561c17e41b8 (task_runner.py:411)
2026-07-27 11:43:03,721 | INFO |task submitted: id=fdd7b1863ef841508f5b6561c17e41b8, fdd7b1863ef841508f5b6561c17e41b8, case number: 1 (interface.py:248)
2026-07-27 11:43:04,729 | INFO |[1/1] start case: {'label': <CaseLabel.Performance: 2>, 'name': 'deneysel-custom', 'dataset': {'data': {'name': 'deneysel', 'size': 942, 'dim': 1024, 'metric_type': <MetricType.COSINE: 'COSINE'>}}, 'db': 'OSSOpenSearch'}, drop_old=True (interface.py:178)
2026-07-27 11:43:04,729 | INFO |Starting run (task_runner.py:149)
2026-07-27 11:43:05,004 | INFO |OSS_OpenSearch client config: {'hosts': [{'host': 'localhost', 'port': 9200}], 'http_auth': ('admin', 'Sifre123!_UzunVeGuclu'), 'use_ssl': False, 'http_compress': True, 'verify_certs': False, 'ssl_assert_hostname': False, 'ssl_show_warn': False, 'timeout': 600} (oss_opensearch.py:221)
2026-07-27 11:43:05,004 | INFO |OSS_OpenSearch db case config: metric_type=<MetricType.COSINE: 'COSINE'> engine=<OSSOS_Engine.faiss: 'faiss'> efConstruction=256 efSearch=64 engine_name=None metric_type_name=None M=32 index_thread_qty=4 number_of_shards=1 number_of_replicas=0 number_of_segments=1 refresh_interval='60s' force_merge_enabled=True flush_threshold_size='5120mb' index_thread_qty_during_force_merge=4 cb_threshold='50%' number_of_indexing_clients=1 use_routing=False quantization_type=<OSSOpenSearchQuantization.NONE: 'None'> confidence_interval=None clip=False replication_type='DOCUMENT' knn_derived_source_enabled=False memory_optimized_search=False on_disk=False compression_level='32x' oversample_factor=1.0 (oss_opensearch.py:222)
2026-07-27 11:43:05,005 | INFO |OSS_OpenSearch client drop old index: vdb_bench_index (oss_opensearch.py:229)
2026-07-27 11:43:05,038 | INFO |Creating index with ef_search: 64 (oss_opensearch.py:318)
2026-07-27 11:43:05,041 | INFO |Creating index with number_of_replicas: 0 (oss_opensearch.py:319)
2026-07-27 11:43:05,041 | INFO |Creating index with replication_type: DOCUMENT (oss_opensearch.py:320)
2026-07-27 11:43:05,041 | INFO |Creating index with knn_derived_source_enabled: False (oss_opensearch.py:321)
2026-07-27 11:43:05,041 | INFO |Creating index with engine: OSSOS_Engine.faiss (oss_opensearch.py:322)
2026-07-27 11:43:05,041 | INFO |Creating index with metric type: None (oss_opensearch.py:323)
2026-07-27 11:43:05,042 | INFO |Creating index with memory_optimized_search: False (oss_opensearch.py:324)
2026-07-27 11:43:05,042 | INFO |All case_config parameters: {'metric_type': <MetricType.COSINE: 'COSINE'>, 'engine': <OSSOS_Engine.faiss: 'faiss'>, 'efConstruction': 256, 'efSearch': 64, 'engine_name': None, 'metric_type_name': None, 'M': 32, 'index_thread_qty': 4, 'number_of_shards': 1, 'number_of_replicas': 0, 'number_of_segments': 1, 'refresh_interval': '60s', 'force_merge_enabled': True, 'flush_threshold_size': '5120mb', 'index_thread_qty_during_force_merge': 4, 'cb_threshold': '50%', 'number_of_indexing_clients': 1, 'use_routing': False, 'quantization_type': <OSSOpenSearchQuantization.NONE: 'None'>, 'confidence_interval': None, 'clip': False, 'replication_type': 'DOCUMENT', 'knn_derived_source_enabled': False, 'memory_optimized_search': False, 'on_disk': False, 'compression_level': '32x', 'oversample_factor': 1.0} (oss_opensearch.py:325)
2026-07-27 11:43:05,091 | INFO |Successfully updated cluster settings for index creation (oss_opensearch.py:62)
2026-07-27 11:43:05,094 | INFO |User specified metric_type: None (config.py:183)
2026-07-27 11:43:05,094 | WARNING |[1/1] case {'label': <CaseLabel.Performance: 2>, 'name': 'deneysel-custom', 'dataset': {'data': {'name': 'deneysel', 'size': 942, 'dim': 1024, 'metric_type': <MetricType.COSINE: 'COSINE'>}}, 'db': 'OSSOpenSearch'} failed to run, reason='NoneType' object has no attribute 'upper' (interface.py:200)
2026-07-27 11:43:05,098 | INFO |Task summary: run_id=fdd7b, task_label=fdd7b1863ef841508f5b6561c17e41b8 (models.py:478)
2026-07-27 11:43:05,098 | INFO |DB            | db_label case            label                            | load_dur    qps        latency(p99)    latency(p95)    recall        max_load_count | label (models.py:478)
2026-07-27 11:43:05,098 | INFO |------------- | -------- --------------- -------------------------------- | ----------- ---------- --------------- --------------- ------------- -------------- | ----- (models.py:478)
2026-07-27 11:43:05,099 | INFO |OSSOpenSearch |          deneysel-custom fdd7b1863ef841508f5b6561c17e41b8 | 0.0         0.0        0.0             0.0             0.0           0              | x     (models.py:478)
2026-07-27 11:43:05,099 | INFO |write results to disk C:\Users\tft\DeneyselRAG\env\Lib\site-packages\vectordb_bench\results\OSSOpenSearch\result_20260727_fdd7b1863ef841508f5b6561c17e41b8_ossopensearch.json (models.py:315)
2026-07-27 11:43:05,100 | INFO |Success to finish task: label=fdd7b1863ef841508f5b6561c17e41b8, run_id=fdd7b1863ef841508f5b6561c17e41b8 (interface.py:219)
2026-07-27 11:43:07,265 | INFO |Task:
TaskConfig(db=<DB.OSSOpenSearch: 'OSSOpenSearch'>, db_config=OSSOpenSearchConfig(db_label='', version='', note='', host='localhost', port=9200, user='admin', password=SecretStr('**********')), db_case_config=OSSOpenSearchIndexConfig(metric_type=<MetricType.L2: 'L2'>, engine=<OSSOS_Engine.faiss: 'faiss'>, efConstruction=256, efSearch=128, engine_name=None, metric_type_name=None, M=32, index_thread_qty=4, number_of_shards=1, number_of_replicas=0, number_of_segments=1, refresh_interval='60s', force_merge_enabled=True, flush_threshold_size='5120mb', index_thread_qty_during_force_merge=4, cb_threshold='50%', number_of_indexing_clients=1, use_routing=False, quantization_type=<OSSOpenSearchQuantization.NONE: 'None'>, confidence_interval=None, clip=False, replication_type='DOCUMENT', knn_derived_source_enabled=False, memory_optimized_search=False, on_disk=False, compression_level='32x', oversample_factor=1.0), case_config=CaseConfig(case_id=<CaseType.PerformanceCustomDataset: 101>, custom_case={'name': 'deneysel-custom', 'description': 'DeneyselRAG kendi PDF korpusu', 'load_timeout': 36000, 'optimize_timeout': 36000, 'dataset_config': {'name': 'deneysel', 'dir': 'deneysel_nvidia_nv_embedqa_e5_v5', 'size': '942', 'dim': '1024', 'metric_type': 'Cosine', 'file_count': '1', 'use_shuffled': False, 'with_gt': True}}, k=10, concurrency_search_config=ConcurrencySearchConfig(num_concurrency=[1, 4, 8], concurrency_duration=30, concurrency_timeout=3600)), stages=['drop_old', 'load', 'search_serial', 'search_concurrent'], load_concurrency=0)
 (cli.py:659)
2026-07-27 11:43:07,266 | INFO |generated uuid for the tasks: 26e419ebf4794e6f9c48b1ee7f50ecee (interface.py:73)
2026-07-27 11:43:07,552 | INFO | DB             | CaseType     Dataset               Filter | task_label (task_runner.py:411)
2026-07-27 11:43:07,552 | INFO | -----------    | ------------ -------------------- ------- | -------    (task_runner.py:411)
2026-07-27 11:43:07,553 | INFO | OSSOpenSearch  | Performance  deneysel-Custom-942      0.0 | 26e419ebf4794e6f9c48b1ee7f50ecee (task_runner.py:411)
2026-07-27 11:43:07,553 | INFO |task submitted: id=26e419ebf4794e6f9c48b1ee7f50ecee, 26e419ebf4794e6f9c48b1ee7f50ecee, case number: 1 (interface.py:248)
2026-07-27 11:43:08,569 | INFO |[1/1] start case: {'label': <CaseLabel.Performance: 2>, 'name': 'deneysel-custom', 'dataset': {'data': {'name': 'deneysel', 'size': 942, 'dim': 1024, 'metric_type': <MetricType.COSINE: 'COSINE'>}}, 'db': 'OSSOpenSearch'}, drop_old=True (interface.py:178)
2026-07-27 11:43:08,569 | INFO |Starting run (task_runner.py:149)
2026-07-27 11:43:08,803 | INFO |OSS_OpenSearch client config: {'hosts': [{'host': 'localhost', 'port': 9200}], 'http_auth': ('admin', 'Sifre123!_UzunVeGuclu'), 'use_ssl': False, 'http_compress': True, 'verify_certs': False, 'ssl_assert_hostname': False, 'ssl_show_warn': False, 'timeout': 600} (oss_opensearch.py:221)
2026-07-27 11:43:08,803 | INFO |OSS_OpenSearch db case config: metric_type=<MetricType.COSINE: 'COSINE'> engine=<OSSOS_Engine.faiss: 'faiss'> efConstruction=256 efSearch=128 engine_name=None metric_type_name=None M=32 index_thread_qty=4 number_of_shards=1 number_of_replicas=0 number_of_segments=1 refresh_interval='60s' force_merge_enabled=True flush_threshold_size='5120mb' index_thread_qty_during_force_merge=4 cb_threshold='50%' number_of_indexing_clients=1 use_routing=False quantization_type=<OSSOpenSearchQuantization.NONE: 'None'> confidence_interval=None clip=False replication_type='DOCUMENT' knn_derived_source_enabled=False memory_optimized_search=False on_disk=False compression_level='32x' oversample_factor=1.0 (oss_opensearch.py:222)
2026-07-27 11:43:08,804 | INFO |OSS_OpenSearch client drop old index: vdb_bench_index (oss_opensearch.py:229)
2026-07-27 11:43:08,816 | INFO |Creating index with ef_search: 128 (oss_opensearch.py:318)
2026-07-27 11:43:08,816 | INFO |Creating index with number_of_replicas: 0 (oss_opensearch.py:319)
2026-07-27 11:43:08,816 | INFO |Creating index with replication_type: DOCUMENT (oss_opensearch.py:320)
2026-07-27 11:43:08,816 | INFO |Creating index with knn_derived_source_enabled: False (oss_opensearch.py:321)
2026-07-27 11:43:08,817 | INFO |Creating index with engine: OSSOS_Engine.faiss (oss_opensearch.py:322)
2026-07-27 11:43:08,817 | INFO |Creating index with metric type: None (oss_opensearch.py:323)
2026-07-27 11:43:08,817 | INFO |Creating index with memory_optimized_search: False (oss_opensearch.py:324)
2026-07-27 11:43:08,817 | INFO |All case_config parameters: {'metric_type': <MetricType.COSINE: 'COSINE'>, 'engine': <OSSOS_Engine.faiss: 'faiss'>, 'efConstruction': 256, 'efSearch': 128, 'engine_name': None, 'metric_type_name': None, 'M': 32, 'index_thread_qty': 4, 'number_of_shards': 1, 'number_of_replicas': 0, 'number_of_segments': 1, 'refresh_interval': '60s', 'force_merge_enabled': True, 'flush_threshold_size': '5120mb', 'index_thread_qty_during_force_merge': 4, 'cb_threshold': '50%', 'number_of_indexing_clients': 1, 'use_routing': False, 'quantization_type': <OSSOpenSearchQuantization.NONE: 'None'>, 'confidence_interval': None, 'clip': False, 'replication_type': 'DOCUMENT', 'knn_derived_source_enabled': False, 'memory_optimized_search': False, 'on_disk': False, 'compression_level': '32x', 'oversample_factor': 1.0} (oss_opensearch.py:325)
2026-07-27 11:43:08,872 | INFO |Successfully updated cluster settings for index creation (oss_opensearch.py:62)
2026-07-27 11:43:08,874 | INFO |User specified metric_type: None (config.py:183)
2026-07-27 11:43:08,875 | WARNING |[1/1] case {'label': <CaseLabel.Performance: 2>, 'name': 'deneysel-custom', 'dataset': {'data': {'name': 'deneysel', 'size': 942, 'dim': 1024, 'metric_type': <MetricType.COSINE: 'COSINE'>}}, 'db': 'OSSOpenSearch'} failed to run, reason='NoneType' object has no attribute 'upper' (interface.py:200)
2026-07-27 11:43:08,878 | INFO |Task summary: run_id=26e41, task_label=26e419ebf4794e6f9c48b1ee7f50ecee (models.py:478)
2026-07-27 11:43:08,878 | INFO |DB            | db_label case            label                            | load_dur    qps        latency(p99)    latency(p95)    recall        max_load_count | label (models.py:478)
2026-07-27 11:43:08,879 | INFO |------------- | -------- --------------- -------------------------------- | ----------- ---------- --------------- --------------- ------------- -------------- | ----- (models.py:478)
2026-07-27 11:43:08,879 | INFO |OSSOpenSearch |          deneysel-custom 26e419ebf4794e6f9c48b1ee7f50ecee | 0.0         0.0        0.0             0.0             0.0           0              | x     (models.py:478)
2026-07-27 11:43:08,879 | INFO |write results to disk C:\Users\tft\DeneyselRAG\env\Lib\site-packages\vectordb_bench\results\OSSOpenSearch\result_20260727_26e419ebf4794e6f9c48b1ee7f50ecee_ossopensearch.json (models.py:315)
2026-07-27 11:43:08,880 | INFO |Success to finish task: label=26e419ebf4794e6f9c48b1ee7f50ecee, run_id=26e419ebf4794e6f9c48b1ee7f50ecee (interface.py:219)
2026-07-27 11:43:11,103 | INFO |Task:
TaskConfig(db=<DB.OSSOpenSearch: 'OSSOpenSearch'>, db_config=OSSOpenSearchConfig(db_label='', version='', note='', host='localhost', port=9200, user='admin', password=SecretStr('**********')), db_case_config=OSSOpenSearchIndexConfig(metric_type=<MetricType.L2: 'L2'>, engine=<OSSOS_Engine.faiss: 'faiss'>, efConstruction=256, efSearch=256, engine_name=None, metric_type_name=None, M=32, index_thread_qty=4, number_of_shards=1, number_of_replicas=0, number_of_segments=1, refresh_interval='60s', force_merge_enabled=True, flush_threshold_size='5120mb', index_thread_qty_during_force_merge=4, cb_threshold='50%', number_of_indexing_clients=1, use_routing=False, quantization_type=<OSSOpenSearchQuantization.NONE: 'None'>, confidence_interval=None, clip=False, replication_type='DOCUMENT', knn_derived_source_enabled=False, memory_optimized_search=False, on_disk=False, compression_level='32x', oversample_factor=1.0), case_config=CaseConfig(case_id=<CaseType.PerformanceCustomDataset: 101>, custom_case={'name': 'deneysel-custom', 'description': 'DeneyselRAG kendi PDF korpusu', 'load_timeout': 36000, 'optimize_timeout': 36000, 'dataset_config': {'name': 'deneysel', 'dir': 'deneysel_nvidia_nv_embedqa_e5_v5', 'size': '942', 'dim': '1024', 'metric_type': 'Cosine', 'file_count': '1', 'use_shuffled': False, 'with_gt': True}}, k=10, concurrency_search_config=ConcurrencySearchConfig(num_concurrency=[1, 4, 8], concurrency_duration=30, concurrency_timeout=3600)), stages=['drop_old', 'load', 'search_serial', 'search_concurrent'], load_concurrency=0)
 (cli.py:659)
2026-07-27 11:43:11,104 | INFO |generated uuid for the tasks: 1c2a72ac78fc4ab4b1019042ac32802f (interface.py:73)
2026-07-27 11:43:11,396 | INFO | DB             | CaseType     Dataset               Filter | task_label (task_runner.py:411)
2026-07-27 11:43:11,396 | INFO | -----------    | ------------ -------------------- ------- | -------    (task_runner.py:411)
2026-07-27 11:43:11,396 | INFO | OSSOpenSearch  | Performance  deneysel-Custom-942      0.0 | 1c2a72ac78fc4ab4b1019042ac32802f (task_runner.py:411)
2026-07-27 11:43:11,396 | INFO |task submitted: id=1c2a72ac78fc4ab4b1019042ac32802f, 1c2a72ac78fc4ab4b1019042ac32802f, case number: 1 (interface.py:248)
2026-07-27 11:43:12,397 | INFO |[1/1] start case: {'label': <CaseLabel.Performance: 2>, 'name': 'deneysel-custom', 'dataset': {'data': {'name': 'deneysel', 'size': 942, 'dim': 1024, 'metric_type': <MetricType.COSINE: 'COSINE'>}}, 'db': 'OSSOpenSearch'}, drop_old=True (interface.py:178)
2026-07-27 11:43:12,398 | INFO |Starting run (task_runner.py:149)
2026-07-27 11:43:12,637 | INFO |OSS_OpenSearch client config: {'hosts': [{'host': 'localhost', 'port': 9200}], 'http_auth': ('admin', 'Sifre123!_UzunVeGuclu'), 'use_ssl': False, 'http_compress': True, 'verify_certs': False, 'ssl_assert_hostname': False, 'ssl_show_warn': False, 'timeout': 600} (oss_opensearch.py:221)
2026-07-27 11:43:12,638 | INFO |OSS_OpenSearch db case config: metric_type=<MetricType.COSINE: 'COSINE'> engine=<OSSOS_Engine.faiss: 'faiss'> efConstruction=256 efSearch=256 engine_name=None metric_type_name=None M=32 index_thread_qty=4 number_of_shards=1 number_of_replicas=0 number_of_segments=1 refresh_interval='60s' force_merge_enabled=True flush_threshold_size='5120mb' index_thread_qty_during_force_merge=4 cb_threshold='50%' number_of_indexing_clients=1 use_routing=False quantization_type=<OSSOpenSearchQuantization.NONE: 'None'> confidence_interval=None clip=False replication_type='DOCUMENT' knn_derived_source_enabled=False memory_optimized_search=False on_disk=False compression_level='32x' oversample_factor=1.0 (oss_opensearch.py:222)
2026-07-27 11:43:12,638 | INFO |OSS_OpenSearch client drop old index: vdb_bench_index (oss_opensearch.py:229)
2026-07-27 11:43:12,650 | INFO |Creating index with ef_search: 256 (oss_opensearch.py:318)
2026-07-27 11:43:12,650 | INFO |Creating index with number_of_replicas: 0 (oss_opensearch.py:319)
2026-07-27 11:43:12,650 | INFO |Creating index with replication_type: DOCUMENT (oss_opensearch.py:320)
2026-07-27 11:43:12,651 | INFO |Creating index with knn_derived_source_enabled: False (oss_opensearch.py:321)
2026-07-27 11:43:12,651 | INFO |Creating index with engine: OSSOS_Engine.faiss (oss_opensearch.py:322)
2026-07-27 11:43:12,651 | INFO |Creating index with metric type: None (oss_opensearch.py:323)
2026-07-27 11:43:12,651 | INFO |Creating index with memory_optimized_search: False (oss_opensearch.py:324)
2026-07-27 11:43:12,651 | INFO |All case_config parameters: {'metric_type': <MetricType.COSINE: 'COSINE'>, 'engine': <OSSOS_Engine.faiss: 'faiss'>, 'efConstruction': 256, 'efSearch': 256, 'engine_name': None, 'metric_type_name': None, 'M': 32, 'index_thread_qty': 4, 'number_of_shards': 1, 'number_of_replicas': 0, 'number_of_segments': 1, 'refresh_interval': '60s', 'force_merge_enabled': True, 'flush_threshold_size': '5120mb', 'index_thread_qty_during_force_merge': 4, 'cb_threshold': '50%', 'number_of_indexing_clients': 1, 'use_routing': False, 'quantization_type': <OSSOpenSearchQuantization.NONE: 'None'>, 'confidence_interval': None, 'clip': False, 'replication_type': 'DOCUMENT', 'knn_derived_source_enabled': False, 'memory_optimized_search': False, 'on_disk': False, 'compression_level': '32x', 'oversample_factor': 1.0} (oss_opensearch.py:325)
2026-07-27 11:43:12,704 | INFO |Successfully updated cluster settings for index creation (oss_opensearch.py:62)
2026-07-27 11:43:12,707 | INFO |User specified metric_type: None (config.py:183)
2026-07-27 11:43:12,708 | WARNING |[1/1] case {'label': <CaseLabel.Performance: 2>, 'name': 'deneysel-custom', 'dataset': {'data': {'name': 'deneysel', 'size': 942, 'dim': 1024, 'metric_type': <MetricType.COSINE: 'COSINE'>}}, 'db': 'OSSOpenSearch'} failed to run, reason='NoneType' object has no attribute 'upper' (interface.py:200)
2026-07-27 11:43:12,716 | INFO |Task summary: run_id=1c2a7, task_label=1c2a72ac78fc4ab4b1019042ac32802f (models.py:478)
2026-07-27 11:43:12,716 | INFO |DB            | db_label case            label                            | load_dur    qps        latency(p99)    latency(p95)    recall        max_load_count | label (models.py:478)
2026-07-27 11:43:12,717 | INFO |------------- | -------- --------------- -------------------------------- | ----------- ---------- --------------- --------------- ------------- -------------- | ----- (models.py:478)
2026-07-27 11:43:12,717 | INFO |OSSOpenSearch |          deneysel-custom 1c2a72ac78fc4ab4b1019042ac32802f | 0.0         0.0        0.0             0.0             0.0           0              | x     (models.py:478)
2026-07-27 11:43:12,718 | INFO |write results to disk C:\Users\tft\DeneyselRAG\env\Lib\site-packages\vectordb_bench\results\OSSOpenSearch\result_20260727_1c2a72ac78fc4ab4b1019042ac32802f_ossopensearch.json (models.py:315)
2026-07-27 11:43:12,719 | INFO |Success to finish task: label=1c2a72ac78fc4ab4b1019042ac32802f, run_id=1c2a72ac78fc4ab4b1019042ac32802f (interface.py:219)
2026-07-27 11:43:52,368 | INFO |all configs: [('ALIYUN_OSS_URL', 'assets.zilliz.com.cn/benchmark/'), ('AWS_S3_URL', 'assets.zilliz.com/benchmark/'), ('CONCURRENCY_DURATION', 30), ('CONFIG_LOCAL_DIR', WindowsPath('C:/Users/tft/DeneyselRAG/env/Lib/site-packages/vectordb_bench/config-files')), ('CUSTOM_CONFIG_DIR', WindowsPath('C:/Users/tft/DeneyselRAG/env/Lib/site-packages/vectordb_bench/custom/custom_case.json')), ('DATASET_LOCAL_DIR', WindowsPath('C:/vdbb/dataset')), ('DATASET_SOURCE', 'S3'), ('DEFAULT_DATASET_URL', 'assets.zilliz.com/benchmark/'), ('DROP_OLD', True), ('K_DEFAULT', 100), ('LOAD_CONCURRENCY', 0), ('LOAD_MAX_TRY_COUNT', 10), ('LOG_FILE', 'logs/vectordb_bench.log'), ('LOG_LEVEL', 'INFO'), ('MAX_INSERT_RETRY', 5), ('MAX_SEARCH_RETRY', 5), ('NUM_CONCURRENCY', [1, 5, 10, 20, 30, 40, 60, 80]), ('NUM_PER_BATCH', 100), ('RESULTS_LOCAL_DIR', WindowsPath('C:/Users/tft/DeneyselRAG/env/Lib/site-packages/vectordb_bench/results')), ('TIME_PER_BATCH', 1), ('USE_SHUFFLED_DATA', True)] (__main__.py:12)
2026-07-27 11:44:32,809 | INFO |exit streamlit... (__main__.py:34)
2026-07-27 11:46:29,547 | INFO |Task:
TaskConfig(db=<DB.OSSOpenSearch: 'OSSOpenSearch'>, db_config=OSSOpenSearchConfig(db_label='', version='', note='', host='localhost', port=9200, user='admin', password=SecretStr('**********')), db_case_config=OSSOpenSearchIndexConfig(metric_type=<MetricType.L2: 'L2'>, engine=<OSSOS_Engine.faiss: 'faiss'>, efConstruction=256, efSearch=100, engine_name=None, metric_type_name=None, M=16, index_thread_qty=4, number_of_shards=1, number_of_replicas=0, number_of_segments=1, refresh_interval='60s', force_merge_enabled=True, flush_threshold_size='5120mb', index_thread_qty_during_force_merge=4, cb_threshold='50%', number_of_indexing_clients=1, use_routing=False, quantization_type=<OSSOpenSearchQuantization.NONE: 'None'>, confidence_interval=None, clip=False, replication_type='DOCUMENT', knn_derived_source_enabled=False, memory_optimized_search=False, on_disk=False, compression_level='32x', oversample_factor=1.0), case_config=CaseConfig(case_id=<CaseType.PerformanceCustomDataset: 101>, custom_case={'name': 'deneysel-custom', 'description': 'DeneyselRAG kendi PDF korpusu', 'load_timeout': 36000, 'optimize_timeout': 36000, 'dataset_config': {'name': 'deneysel', 'dir': 'deneysel_nvidia_nv_embedqa_e5_v5', 'size': '942', 'dim': '1024', 'metric_type': 'Cosine', 'file_count': '1', 'use_shuffled': False, 'with_gt': True}}, k=10, concurrency_search_config=ConcurrencySearchConfig(num_concurrency=[1, 4, 8], concurrency_duration=30, concurrency_timeout=3600)), stages=['drop_old', 'load', 'search_serial', 'search_concurrent'], load_concurrency=0)
 (cli.py:659)
2026-07-27 11:46:37,934 | INFO |Task:
TaskConfig(db=<DB.OSSOpenSearch: 'OSSOpenSearch'>, db_config=OSSOpenSearchConfig(db_label='', version='', note='', host='localhost', port=9200, user='admin', password=SecretStr('**********')), db_case_config=OSSOpenSearchIndexConfig(metric_type=<MetricType.L2: 'L2'>, engine=<OSSOS_Engine.faiss: 'faiss'>, efConstruction=256, efSearch=100, engine_name=None, metric_type_name=None, M=16, index_thread_qty=4, number_of_shards=1, number_of_replicas=0, number_of_segments=1, refresh_interval='60s', force_merge_enabled=True, flush_threshold_size='5120mb', index_thread_qty_during_force_merge=4, cb_threshold='50%', number_of_indexing_clients=1, use_routing=False, quantization_type=<OSSOpenSearchQuantization.NONE: 'None'>, confidence_interval=None, clip=False, replication_type='DOCUMENT', knn_derived_source_enabled=False, memory_optimized_search=False, on_disk=False, compression_level='32x', oversample_factor=1.0), case_config=CaseConfig(case_id=<CaseType.PerformanceCustomDataset: 101>, custom_case={'name': 'deneysel-custom', 'description': 'DeneyselRAG kendi PDF korpusu', 'load_timeout': 36000, 'optimize_timeout': 36000, 'dataset_config': {'name': 'deneysel', 'dir': 'deneysel_nvidia_nv_embedqa_e5_v5', 'size': '942', 'dim': '1024', 'metric_type': 'Cosine', 'file_count': '1', 'use_shuffled': False, 'with_gt': True}}, k=10, concurrency_search_config=ConcurrencySearchConfig(num_concurrency=[1, 4, 8], concurrency_duration=30, concurrency_timeout=3600)), stages=['drop_old', 'load', 'search_serial', 'search_concurrent'], load_concurrency=0)
 (cli.py:659)
2026-07-27 11:46:37,935 | INFO |generated uuid for the tasks: 7a471b519c1548fdbaef692d4f6a8e31 (interface.py:73)
2026-07-27 11:46:38,272 | INFO | DB             | CaseType     Dataset               Filter | task_label (task_runner.py:411)
2026-07-27 11:46:38,272 | INFO | -----------    | ------------ -------------------- ------- | -------    (task_runner.py:411)
2026-07-27 11:46:38,273 | INFO | OSSOpenSearch  | Performance  deneysel-Custom-942      0.0 | 7a471b519c1548fdbaef692d4f6a8e31 (task_runner.py:411)
2026-07-27 11:46:38,273 | INFO |task submitted: id=7a471b519c1548fdbaef692d4f6a8e31, 7a471b519c1548fdbaef692d4f6a8e31, case number: 1 (interface.py:248)
2026-07-27 11:46:39,436 | INFO |[1/1] start case: {'label': <CaseLabel.Performance: 2>, 'name': 'deneysel-custom', 'dataset': {'data': {'name': 'deneysel', 'size': 942, 'dim': 1024, 'metric_type': <MetricType.COSINE: 'COSINE'>}}, 'db': 'OSSOpenSearch'}, drop_old=True (interface.py:178)
2026-07-27 11:46:39,436 | INFO |Starting run (task_runner.py:149)
2026-07-27 11:46:39,687 | INFO |OSS_OpenSearch client config: {'hosts': [{'host': 'localhost', 'port': 9200}], 'http_auth': ('admin', 'Sifre123!_UzunVeGuclu'), 'use_ssl': False, 'http_compress': True, 'verify_certs': False, 'ssl_assert_hostname': False, 'ssl_show_warn': False, 'timeout': 600} (oss_opensearch.py:221)
2026-07-27 11:46:39,688 | INFO |OSS_OpenSearch db case config: metric_type=<MetricType.COSINE: 'COSINE'> engine=<OSSOS_Engine.faiss: 'faiss'> efConstruction=256 efSearch=100 engine_name=None metric_type_name=None M=16 index_thread_qty=4 number_of_shards=1 number_of_replicas=0 number_of_segments=1 refresh_interval='60s' force_merge_enabled=True flush_threshold_size='5120mb' index_thread_qty_during_force_merge=4 cb_threshold='50%' number_of_indexing_clients=1 use_routing=False quantization_type=<OSSOpenSearchQuantization.NONE: 'None'> confidence_interval=None clip=False replication_type='DOCUMENT' knn_derived_source_enabled=False memory_optimized_search=False on_disk=False compression_level='32x' oversample_factor=1.0 (oss_opensearch.py:222)
2026-07-27 11:46:39,688 | INFO |OSS_OpenSearch client drop old index: vdb_bench_index (oss_opensearch.py:229)
2026-07-27 11:46:39,700 | INFO |Creating index with ef_search: 100 (oss_opensearch.py:318)
2026-07-27 11:46:39,700 | INFO |Creating index with number_of_replicas: 0 (oss_opensearch.py:319)
2026-07-27 11:46:39,700 | INFO |Creating index with replication_type: DOCUMENT (oss_opensearch.py:320)
2026-07-27 11:46:39,700 | INFO |Creating index with knn_derived_source_enabled: False (oss_opensearch.py:321)
2026-07-27 11:46:39,701 | INFO |Creating index with engine: OSSOS_Engine.faiss (oss_opensearch.py:322)
2026-07-27 11:46:39,701 | INFO |Creating index with metric type: None (oss_opensearch.py:323)
2026-07-27 11:46:39,701 | INFO |Creating index with memory_optimized_search: False (oss_opensearch.py:324)
2026-07-27 11:46:39,701 | INFO |All case_config parameters: {'metric_type': <MetricType.COSINE: 'COSINE'>, 'engine': <OSSOS_Engine.faiss: 'faiss'>, 'efConstruction': 256, 'efSearch': 100, 'engine_name': None, 'metric_type_name': None, 'M': 16, 'index_thread_qty': 4, 'number_of_shards': 1, 'number_of_replicas': 0, 'number_of_segments': 1, 'refresh_interval': '60s', 'force_merge_enabled': True, 'flush_threshold_size': '5120mb', 'index_thread_qty_during_force_merge': 4, 'cb_threshold': '50%', 'number_of_indexing_clients': 1, 'use_routing': False, 'quantization_type': <OSSOpenSearchQuantization.NONE: 'None'>, 'confidence_interval': None, 'clip': False, 'replication_type': 'DOCUMENT', 'knn_derived_source_enabled': False, 'memory_optimized_search': False, 'on_disk': False, 'compression_level': '32x', 'oversample_factor': 1.0} (oss_opensearch.py:325)
2026-07-27 11:46:39,753 | INFO |Successfully updated cluster settings for index creation (oss_opensearch.py:62)
2026-07-27 11:46:39,755 | INFO |User specified metric_type: None (config.py:183)
2026-07-27 11:46:39,755 | WARNING |[1/1] case {'label': <CaseLabel.Performance: 2>, 'name': 'deneysel-custom', 'dataset': {'data': {'name': 'deneysel', 'size': 942, 'dim': 1024, 'metric_type': <MetricType.COSINE: 'COSINE'>}}, 'db': 'OSSOpenSearch'} failed to run, reason='NoneType' object has no attribute 'upper' (interface.py:200)
2026-07-27 11:46:39,760 | INFO |Task summary: run_id=7a471, task_label=7a471b519c1548fdbaef692d4f6a8e31 (models.py:478)
2026-07-27 11:46:39,760 | INFO |DB            | db_label case            label                            | load_dur    qps        latency(p99)    latency(p95)    recall        max_load_count | label (models.py:478)
2026-07-27 11:46:39,760 | INFO |------------- | -------- --------------- -------------------------------- | ----------- ---------- --------------- --------------- ------------- -------------- | ----- (models.py:478)
2026-07-27 11:46:39,760 | INFO |OSSOpenSearch |          deneysel-custom 7a471b519c1548fdbaef692d4f6a8e31 | 0.0         0.0        0.0             0.0             0.0           0              | x     (models.py:478)
2026-07-27 11:46:39,760 | INFO |write results to disk C:\Users\tft\DeneyselRAG\env\Lib\site-packages\vectordb_bench\results\OSSOpenSearch\result_20260727_7a471b519c1548fdbaef692d4f6a8e31_ossopensearch.json (models.py:315)
2026-07-27 11:46:39,762 | INFO |Success to finish task: label=7a471b519c1548fdbaef692d4f6a8e31, run_id=7a471b519c1548fdbaef692d4f6a8e31 (interface.py:219)
2026-07-27 11:47:06,789 | INFO |Task:
TaskConfig(db=<DB.OSSOpenSearch: 'OSSOpenSearch'>, db_config=OSSOpenSearchConfig(db_label='', version='', note='', host='localhost', port=9200, user='admin', password=SecretStr('**********')), db_case_config=OSSOpenSearchIndexConfig(metric_type=<MetricType.L2: 'L2'>, engine=<OSSOS_Engine.faiss: 'faiss'>, efConstruction=256, efSearch=32, engine_name=None, metric_type_name=None, M=8, index_thread_qty=4, number_of_shards=1, number_of_replicas=0, number_of_segments=1, refresh_interval='60s', force_merge_enabled=True, flush_threshold_size='5120mb', index_thread_qty_during_force_merge=4, cb_threshold='50%', number_of_indexing_clients=1, use_routing=False, quantization_type=<OSSOpenSearchQuantization.NONE: 'None'>, confidence_interval=None, clip=False, replication_type='DOCUMENT', knn_derived_source_enabled=False, memory_optimized_search=False, on_disk=False, compression_level='32x', oversample_factor=1.0), case_config=CaseConfig(case_id=<CaseType.PerformanceCustomDataset: 101>, custom_case={'name': 'deneysel-custom', 'description': 'DeneyselRAG kendi PDF korpusu', 'load_timeout': 36000, 'optimize_timeout': 36000, 'dataset_config': {'name': 'deneysel', 'dir': 'deneysel_nvidia_nv_embedqa_e5_v5', 'size': '942', 'dim': '1024', 'metric_type': 'Cosine', 'file_count': '1', 'use_shuffled': False, 'with_gt': True}}, k=10, concurrency_search_config=ConcurrencySearchConfig(num_concurrency=[1, 4, 8], concurrency_duration=30, concurrency_timeout=3600)), stages=['drop_old', 'load', 'search_serial', 'search_concurrent'], load_concurrency=0)
 (cli.py:659)
2026-07-27 11:47:06,790 | INFO |generated uuid for the tasks: 0f72a32848f840fd8d685064cb0beb9a (interface.py:73)
2026-07-27 11:47:07,109 | INFO | DB             | CaseType     Dataset               Filter | task_label (task_runner.py:411)
2026-07-27 11:47:07,110 | INFO | -----------    | ------------ -------------------- ------- | -------    (task_runner.py:411)
2026-07-27 11:47:07,110 | INFO | OSSOpenSearch  | Performance  deneysel-Custom-942      0.0 | 0f72a32848f840fd8d685064cb0beb9a (task_runner.py:411)
2026-07-27 11:47:07,110 | INFO |task submitted: id=0f72a32848f840fd8d685064cb0beb9a, 0f72a32848f840fd8d685064cb0beb9a, case number: 1 (interface.py:248)
2026-07-27 11:47:08,134 | INFO |[1/1] start case: {'label': <CaseLabel.Performance: 2>, 'name': 'deneysel-custom', 'dataset': {'data': {'name': 'deneysel', 'size': 942, 'dim': 1024, 'metric_type': <MetricType.COSINE: 'COSINE'>}}, 'db': 'OSSOpenSearch'}, drop_old=True (interface.py:178)
2026-07-27 11:47:08,135 | INFO |Starting run (task_runner.py:149)
2026-07-27 11:47:08,373 | INFO |OSS_OpenSearch client config: {'hosts': [{'host': 'localhost', 'port': 9200}], 'http_auth': ('admin', 'Sifre123!_UzunVeGuclu'), 'use_ssl': False, 'http_compress': True, 'verify_certs': False, 'ssl_assert_hostname': False, 'ssl_show_warn': False, 'timeout': 600} (oss_opensearch.py:221)
2026-07-27 11:47:08,374 | INFO |OSS_OpenSearch db case config: metric_type=<MetricType.COSINE: 'COSINE'> engine=<OSSOS_Engine.faiss: 'faiss'> efConstruction=256 efSearch=32 engine_name=None metric_type_name=None M=8 index_thread_qty=4 number_of_shards=1 number_of_replicas=0 number_of_segments=1 refresh_interval='60s' force_merge_enabled=True flush_threshold_size='5120mb' index_thread_qty_during_force_merge=4 cb_threshold='50%' number_of_indexing_clients=1 use_routing=False quantization_type=<OSSOpenSearchQuantization.NONE: 'None'> confidence_interval=None clip=False replication_type='DOCUMENT' knn_derived_source_enabled=False memory_optimized_search=False on_disk=False compression_level='32x' oversample_factor=1.0 (oss_opensearch.py:222)
2026-07-27 11:47:08,374 | INFO |OSS_OpenSearch client drop old index: vdb_bench_index (oss_opensearch.py:229)
2026-07-27 11:47:08,386 | INFO |Creating index with ef_search: 32 (oss_opensearch.py:318)
2026-07-27 11:47:08,387 | INFO |Creating index with number_of_replicas: 0 (oss_opensearch.py:319)
2026-07-27 11:47:08,387 | INFO |Creating index with replication_type: DOCUMENT (oss_opensearch.py:320)
2026-07-27 11:47:08,387 | INFO |Creating index with knn_derived_source_enabled: False (oss_opensearch.py:321)
2026-07-27 11:47:08,387 | INFO |Creating index with engine: OSSOS_Engine.faiss (oss_opensearch.py:322)
2026-07-27 11:47:08,387 | INFO |Creating index with metric type: None (oss_opensearch.py:323)
2026-07-27 11:47:08,388 | INFO |Creating index with memory_optimized_search: False (oss_opensearch.py:324)
2026-07-27 11:47:08,388 | INFO |All case_config parameters: {'metric_type': <MetricType.COSINE: 'COSINE'>, 'engine': <OSSOS_Engine.faiss: 'faiss'>, 'efConstruction': 256, 'efSearch': 32, 'engine_name': None, 'metric_type_name': None, 'M': 8, 'index_thread_qty': 4, 'number_of_shards': 1, 'number_of_replicas': 0, 'number_of_segments': 1, 'refresh_interval': '60s', 'force_merge_enabled': True, 'flush_threshold_size': '5120mb', 'index_thread_qty_during_force_merge': 4, 'cb_threshold': '50%', 'number_of_indexing_clients': 1, 'use_routing': False, 'quantization_type': <OSSOpenSearchQuantization.NONE: 'None'>, 'confidence_interval': None, 'clip': False, 'replication_type': 'DOCUMENT', 'knn_derived_source_enabled': False, 'memory_optimized_search': False, 'on_disk': False, 'compression_level': '32x', 'oversample_factor': 1.0} (oss_opensearch.py:325)
2026-07-27 11:47:08,438 | INFO |Successfully updated cluster settings for index creation (oss_opensearch.py:62)
2026-07-27 11:47:08,447 | INFO |User specified metric_type: None (config.py:183)
2026-07-27 11:47:08,447 | WARNING |[1/1] case {'label': <CaseLabel.Performance: 2>, 'name': 'deneysel-custom', 'dataset': {'data': {'name': 'deneysel', 'size': 942, 'dim': 1024, 'metric_type': <MetricType.COSINE: 'COSINE'>}}, 'db': 'OSSOpenSearch'} failed to run, reason='NoneType' object has no attribute 'upper' (interface.py:200)
2026-07-27 11:47:08,451 | INFO |Task summary: run_id=0f72a, task_label=0f72a32848f840fd8d685064cb0beb9a (models.py:478)
2026-07-27 11:47:08,452 | INFO |DB            | db_label case            label                            | load_dur    qps        latency(p99)    latency(p95)    recall        max_load_count | label (models.py:478)
2026-07-27 11:47:08,452 | INFO |------------- | -------- --------------- -------------------------------- | ----------- ---------- --------------- --------------- ------------- -------------- | ----- (models.py:478)
2026-07-27 11:47:08,452 | INFO |OSSOpenSearch |          deneysel-custom 0f72a32848f840fd8d685064cb0beb9a | 0.0         0.0        0.0             0.0             0.0           0              | x     (models.py:478)
2026-07-27 11:47:08,452 | INFO |write results to disk C:\Users\tft\DeneyselRAG\env\Lib\site-packages\vectordb_bench\results\OSSOpenSearch\result_20260727_0f72a32848f840fd8d685064cb0beb9a_ossopensearch.json (models.py:315)
2026-07-27 11:47:08,453 | INFO |Success to finish task: label=0f72a32848f840fd8d685064cb0beb9a, run_id=0f72a32848f840fd8d685064cb0beb9a (interface.py:219)
2026-07-27 11:47:10,684 | INFO |Task:
TaskConfig(db=<DB.OSSOpenSearch: 'OSSOpenSearch'>, db_config=OSSOpenSearchConfig(db_label='', version='', note='', host='localhost', port=9200, user='admin', password=SecretStr('**********')), db_case_config=OSSOpenSearchIndexConfig(metric_type=<MetricType.L2: 'L2'>, engine=<OSSOS_Engine.faiss: 'faiss'>, efConstruction=256, efSearch=64, engine_name=None, metric_type_name=None, M=8, index_thread_qty=4, number_of_shards=1, number_of_replicas=0, number_of_segments=1, refresh_interval='60s', force_merge_enabled=True, flush_threshold_size='5120mb', index_thread_qty_during_force_merge=4, cb_threshold='50%', number_of_indexing_clients=1, use_routing=False, quantization_type=<OSSOpenSearchQuantization.NONE: 'None'>, confidence_interval=None, clip=False, replication_type='DOCUMENT', knn_derived_source_enabled=False, memory_optimized_search=False, on_disk=False, compression_level='32x', oversample_factor=1.0), case_config=CaseConfig(case_id=<CaseType.PerformanceCustomDataset: 101>, custom_case={'name': 'deneysel-custom', 'description': 'DeneyselRAG kendi PDF korpusu', 'load_timeout': 36000, 'optimize_timeout': 36000, 'dataset_config': {'name': 'deneysel', 'dir': 'deneysel_nvidia_nv_embedqa_e5_v5', 'size': '942', 'dim': '1024', 'metric_type': 'Cosine', 'file_count': '1', 'use_shuffled': False, 'with_gt': True}}, k=10, concurrency_search_config=ConcurrencySearchConfig(num_concurrency=[1, 4, 8], concurrency_duration=30, concurrency_timeout=3600)), stages=['drop_old', 'load', 'search_serial', 'search_concurrent'], load_concurrency=0)
 (cli.py:659)
2026-07-27 11:47:10,685 | INFO |generated uuid for the tasks: 9a52d88aaad4457baa94820591fb5993 (interface.py:73)
2026-07-27 11:47:10,975 | INFO | DB             | CaseType     Dataset               Filter | task_label (task_runner.py:411)
2026-07-27 11:47:10,975 | INFO | -----------    | ------------ -------------------- ------- | -------    (task_runner.py:411)
2026-07-27 11:47:10,975 | INFO | OSSOpenSearch  | Performance  deneysel-Custom-942      0.0 | 9a52d88aaad4457baa94820591fb5993 (task_runner.py:411)
2026-07-27 11:47:10,976 | INFO |task submitted: id=9a52d88aaad4457baa94820591fb5993, 9a52d88aaad4457baa94820591fb5993, case number: 1 (interface.py:248)
2026-07-27 11:47:12,007 | INFO |[1/1] start case: {'label': <CaseLabel.Performance: 2>, 'name': 'deneysel-custom', 'dataset': {'data': {'name': 'deneysel', 'size': 942, 'dim': 1024, 'metric_type': <MetricType.COSINE: 'COSINE'>}}, 'db': 'OSSOpenSearch'}, drop_old=True (interface.py:178)
2026-07-27 11:47:12,007 | INFO |Starting run (task_runner.py:149)
2026-07-27 11:47:12,300 | INFO |OSS_OpenSearch client config: {'hosts': [{'host': 'localhost', 'port': 9200}], 'http_auth': ('admin', 'Sifre123!_UzunVeGuclu'), 'use_ssl': False, 'http_compress': True, 'verify_certs': False, 'ssl_assert_hostname': False, 'ssl_show_warn': False, 'timeout': 600} (oss_opensearch.py:221)
2026-07-27 11:47:12,300 | INFO |OSS_OpenSearch db case config: metric_type=<MetricType.COSINE: 'COSINE'> engine=<OSSOS_Engine.faiss: 'faiss'> efConstruction=256 efSearch=64 engine_name=None metric_type_name=None M=8 index_thread_qty=4 number_of_shards=1 number_of_replicas=0 number_of_segments=1 refresh_interval='60s' force_merge_enabled=True flush_threshold_size='5120mb' index_thread_qty_during_force_merge=4 cb_threshold='50%' number_of_indexing_clients=1 use_routing=False quantization_type=<OSSOpenSearchQuantization.NONE: 'None'> confidence_interval=None clip=False replication_type='DOCUMENT' knn_derived_source_enabled=False memory_optimized_search=False on_disk=False compression_level='32x' oversample_factor=1.0 (oss_opensearch.py:222)
2026-07-27 11:47:12,301 | INFO |OSS_OpenSearch client drop old index: vdb_bench_index (oss_opensearch.py:229)
2026-07-27 11:47:12,323 | INFO |Creating index with ef_search: 64 (oss_opensearch.py:318)
2026-07-27 11:47:12,323 | INFO |Creating index with number_of_replicas: 0 (oss_opensearch.py:319)
2026-07-27 11:47:12,323 | INFO |Creating index with replication_type: DOCUMENT (oss_opensearch.py:320)
2026-07-27 11:47:12,324 | INFO |Creating index with knn_derived_source_enabled: False (oss_opensearch.py:321)
2026-07-27 11:47:12,324 | INFO |Creating index with engine: OSSOS_Engine.faiss (oss_opensearch.py:322)
2026-07-27 11:47:12,324 | INFO |Creating index with metric type: None (oss_opensearch.py:323)
2026-07-27 11:47:12,324 | INFO |Creating index with memory_optimized_search: False (oss_opensearch.py:324)
2026-07-27 11:47:12,324 | INFO |All case_config parameters: {'metric_type': <MetricType.COSINE: 'COSINE'>, 'engine': <OSSOS_Engine.faiss: 'faiss'>, 'efConstruction': 256, 'efSearch': 64, 'engine_name': None, 'metric_type_name': None, 'M': 8, 'index_thread_qty': 4, 'number_of_shards': 1, 'number_of_replicas': 0, 'number_of_segments': 1, 'refresh_interval': '60s', 'force_merge_enabled': True, 'flush_threshold_size': '5120mb', 'index_thread_qty_during_force_merge': 4, 'cb_threshold': '50%', 'number_of_indexing_clients': 1, 'use_routing': False, 'quantization_type': <OSSOpenSearchQuantization.NONE: 'None'>, 'confidence_interval': None, 'clip': False, 'replication_type': 'DOCUMENT', 'knn_derived_source_enabled': False, 'memory_optimized_search': False, 'on_disk': False, 'compression_level': '32x', 'oversample_factor': 1.0} (oss_opensearch.py:325)
2026-07-27 11:47:12,376 | INFO |Successfully updated cluster settings for index creation (oss_opensearch.py:62)
2026-07-27 11:47:12,378 | INFO |User specified metric_type: None (config.py:183)
2026-07-27 11:47:12,379 | WARNING |[1/1] case {'label': <CaseLabel.Performance: 2>, 'name': 'deneysel-custom', 'dataset': {'data': {'name': 'deneysel', 'size': 942, 'dim': 1024, 'metric_type': <MetricType.COSINE: 'COSINE'>}}, 'db': 'OSSOpenSearch'} failed to run, reason='NoneType' object has no attribute 'upper' (interface.py:200)
2026-07-27 11:47:12,384 | INFO |Task summary: run_id=9a52d, task_label=9a52d88aaad4457baa94820591fb5993 (models.py:478)
2026-07-27 11:47:12,384 | INFO |DB            | db_label case            label                            | load_dur    qps        latency(p99)    latency(p95)    recall        max_load_count | label (models.py:478)
2026-07-27 11:47:12,384 | INFO |------------- | -------- --------------- -------------------------------- | ----------- ---------- --------------- --------------- ------------- -------------- | ----- (models.py:478)
2026-07-27 11:47:12,384 | INFO |OSSOpenSearch |          deneysel-custom 9a52d88aaad4457baa94820591fb5993 | 0.0         0.0        0.0             0.0             0.0           0              | x     (models.py:478)
2026-07-27 11:47:12,385 | INFO |write results to disk C:\Users\tft\DeneyselRAG\env\Lib\site-packages\vectordb_bench\results\OSSOpenSearch\result_20260727_9a52d88aaad4457baa94820591fb5993_ossopensearch.json (models.py:315)
2026-07-27 11:47:12,387 | INFO |Success to finish task: label=9a52d88aaad4457baa94820591fb5993, run_id=9a52d88aaad4457baa94820591fb5993 (interface.py:219)
2026-07-27 11:47:14,546 | INFO |Task:
TaskConfig(db=<DB.OSSOpenSearch: 'OSSOpenSearch'>, db_config=OSSOpenSearchConfig(db_label='', version='', note='', host='localhost', port=9200, user='admin', password=SecretStr('**********')), db_case_config=OSSOpenSearchIndexConfig(metric_type=<MetricType.L2: 'L2'>, engine=<OSSOS_Engine.faiss: 'faiss'>, efConstruction=256, efSearch=128, engine_name=None, metric_type_name=None, M=8, index_thread_qty=4, number_of_shards=1, number_of_replicas=0, number_of_segments=1, refresh_interval='60s', force_merge_enabled=True, flush_threshold_size='5120mb', index_thread_qty_during_force_merge=4, cb_threshold='50%', number_of_indexing_clients=1, use_routing=False, quantization_type=<OSSOpenSearchQuantization.NONE: 'None'>, confidence_interval=None, clip=False, replication_type='DOCUMENT', knn_derived_source_enabled=False, memory_optimized_search=False, on_disk=False, compression_level='32x', oversample_factor=1.0), case_config=CaseConfig(case_id=<CaseType.PerformanceCustomDataset: 101>, custom_case={'name': 'deneysel-custom', 'description': 'DeneyselRAG kendi PDF korpusu', 'load_timeout': 36000, 'optimize_timeout': 36000, 'dataset_config': {'name': 'deneysel', 'dir': 'deneysel_nvidia_nv_embedqa_e5_v5', 'size': '942', 'dim': '1024', 'metric_type': 'Cosine', 'file_count': '1', 'use_shuffled': False, 'with_gt': True}}, k=10, concurrency_search_config=ConcurrencySearchConfig(num_concurrency=[1, 4, 8], concurrency_duration=30, concurrency_timeout=3600)), stages=['drop_old', 'load', 'search_serial', 'search_concurrent'], load_concurrency=0)
 (cli.py:659)
2026-07-27 11:47:14,547 | INFO |generated uuid for the tasks: df1696526eb249bb83731a8fa70cd914 (interface.py:73)
2026-07-27 11:47:14,841 | INFO | DB             | CaseType     Dataset               Filter | task_label (task_runner.py:411)
2026-07-27 11:47:14,841 | INFO | -----------    | ------------ -------------------- ------- | -------    (task_runner.py:411)
2026-07-27 11:47:14,841 | INFO | OSSOpenSearch  | Performance  deneysel-Custom-942      0.0 | df1696526eb249bb83731a8fa70cd914 (task_runner.py:411)
2026-07-27 11:47:14,841 | INFO |task submitted: id=df1696526eb249bb83731a8fa70cd914, df1696526eb249bb83731a8fa70cd914, case number: 1 (interface.py:248)
2026-07-27 11:47:15,858 | INFO |[1/1] start case: {'label': <CaseLabel.Performance: 2>, 'name': 'deneysel-custom', 'dataset': {'data': {'name': 'deneysel', 'size': 942, 'dim': 1024, 'metric_type': <MetricType.COSINE: 'COSINE'>}}, 'db': 'OSSOpenSearch'}, drop_old=True (interface.py:178)
2026-07-27 11:47:15,859 | INFO |Starting run (task_runner.py:149)
2026-07-27 11:47:16,096 | INFO |OSS_OpenSearch client config: {'hosts': [{'host': 'localhost', 'port': 9200}], 'http_auth': ('admin', 'Sifre123!_UzunVeGuclu'), 'use_ssl': False, 'http_compress': True, 'verify_certs': False, 'ssl_assert_hostname': False, 'ssl_show_warn': False, 'timeout': 600} (oss_opensearch.py:221)
2026-07-27 11:47:16,096 | INFO |OSS_OpenSearch db case config: metric_type=<MetricType.COSINE: 'COSINE'> engine=<OSSOS_Engine.faiss: 'faiss'> efConstruction=256 efSearch=128 engine_name=None metric_type_name=None M=8 index_thread_qty=4 number_of_shards=1 number_of_replicas=0 number_of_segments=1 refresh_interval='60s' force_merge_enabled=True flush_threshold_size='5120mb' index_thread_qty_during_force_merge=4 cb_threshold='50%' number_of_indexing_clients=1 use_routing=False quantization_type=<OSSOpenSearchQuantization.NONE: 'None'> confidence_interval=None clip=False replication_type='DOCUMENT' knn_derived_source_enabled=False memory_optimized_search=False on_disk=False compression_level='32x' oversample_factor=1.0 (oss_opensearch.py:222)
2026-07-27 11:47:16,097 | INFO |OSS_OpenSearch client drop old index: vdb_bench_index (oss_opensearch.py:229)
2026-07-27 11:47:16,121 | INFO |Creating index with ef_search: 128 (oss_opensearch.py:318)
2026-07-27 11:47:16,121 | INFO |Creating index with number_of_replicas: 0 (oss_opensearch.py:319)
2026-07-27 11:47:16,122 | INFO |Creating index with replication_type: DOCUMENT (oss_opensearch.py:320)
2026-07-27 11:47:16,122 | INFO |Creating index with knn_derived_source_enabled: False (oss_opensearch.py:321)
2026-07-27 11:47:16,122 | INFO |Creating index with engine: OSSOS_Engine.faiss (oss_opensearch.py:322)
2026-07-27 11:47:16,122 | INFO |Creating index with metric type: None (oss_opensearch.py:323)
2026-07-27 11:47:16,122 | INFO |Creating index with memory_optimized_search: False (oss_opensearch.py:324)
2026-07-27 11:47:16,122 | INFO |All case_config parameters: {'metric_type': <MetricType.COSINE: 'COSINE'>, 'engine': <OSSOS_Engine.faiss: 'faiss'>, 'efConstruction': 256, 'efSearch': 128, 'engine_name': None, 'metric_type_name': None, 'M': 8, 'index_thread_qty': 4, 'number_of_shards': 1, 'number_of_replicas': 0, 'number_of_segments': 1, 'refresh_interval': '60s', 'force_merge_enabled': True, 'flush_threshold_size': '5120mb', 'index_thread_qty_during_force_merge': 4, 'cb_threshold': '50%', 'number_of_indexing_clients': 1, 'use_routing': False, 'quantization_type': <OSSOpenSearchQuantization.NONE: 'None'>, 'confidence_interval': None, 'clip': False, 'replication_type': 'DOCUMENT', 'knn_derived_source_enabled': False, 'memory_optimized_search': False, 'on_disk': False, 'compression_level': '32x', 'oversample_factor': 1.0} (oss_opensearch.py:325)
2026-07-27 11:47:16,174 | INFO |Successfully updated cluster settings for index creation (oss_opensearch.py:62)
2026-07-27 11:47:16,176 | INFO |User specified metric_type: None (config.py:183)
2026-07-27 11:47:16,176 | WARNING |[1/1] case {'label': <CaseLabel.Performance: 2>, 'name': 'deneysel-custom', 'dataset': {'data': {'name': 'deneysel', 'size': 942, 'dim': 1024, 'metric_type': <MetricType.COSINE: 'COSINE'>}}, 'db': 'OSSOpenSearch'} failed to run, reason='NoneType' object has no attribute 'upper' (interface.py:200)
2026-07-27 11:47:16,180 | INFO |Task summary: run_id=df169, task_label=df1696526eb249bb83731a8fa70cd914 (models.py:478)
2026-07-27 11:47:16,180 | INFO |DB            | db_label case            label                            | load_dur    qps        latency(p99)    latency(p95)    recall        max_load_count | label (models.py:478)
2026-07-27 11:47:16,180 | INFO |------------- | -------- --------------- -------------------------------- | ----------- ---------- --------------- --------------- ------------- -------------- | ----- (models.py:478)
2026-07-27 11:47:16,181 | INFO |OSSOpenSearch |          deneysel-custom df1696526eb249bb83731a8fa70cd914 | 0.0         0.0        0.0             0.0             0.0           0              | x     (models.py:478)
2026-07-27 11:47:16,181 | INFO |write results to disk C:\Users\tft\DeneyselRAG\env\Lib\site-packages\vectordb_bench\results\OSSOpenSearch\result_20260727_df1696526eb249bb83731a8fa70cd914_ossopensearch.json (models.py:315)
2026-07-27 11:47:16,182 | INFO |Success to finish task: label=df1696526eb249bb83731a8fa70cd914, run_id=df1696526eb249bb83731a8fa70cd914 (interface.py:219)
2026-07-27 11:47:18,416 | INFO |Task:
TaskConfig(db=<DB.OSSOpenSearch: 'OSSOpenSearch'>, db_config=OSSOpenSearchConfig(db_label='', version='', note='', host='localhost', port=9200, user='admin', password=SecretStr('**********')), db_case_config=OSSOpenSearchIndexConfig(metric_type=<MetricType.L2: 'L2'>, engine=<OSSOS_Engine.faiss: 'faiss'>, efConstruction=256, efSearch=256, engine_name=None, metric_type_name=None, M=8, index_thread_qty=4, number_of_shards=1, number_of_replicas=0, number_of_segments=1, refresh_interval='60s', force_merge_enabled=True, flush_threshold_size='5120mb', index_thread_qty_during_force_merge=4, cb_threshold='50%', number_of_indexing_clients=1, use_routing=False, quantization_type=<OSSOpenSearchQuantization.NONE: 'None'>, confidence_interval=None, clip=False, replication_type='DOCUMENT', knn_derived_source_enabled=False, memory_optimized_search=False, on_disk=False, compression_level='32x', oversample_factor=1.0), case_config=CaseConfig(case_id=<CaseType.PerformanceCustomDataset: 101>, custom_case={'name': 'deneysel-custom', 'description': 'DeneyselRAG kendi PDF korpusu', 'load_timeout': 36000, 'optimize_timeout': 36000, 'dataset_config': {'name': 'deneysel', 'dir': 'deneysel_nvidia_nv_embedqa_e5_v5', 'size': '942', 'dim': '1024', 'metric_type': 'Cosine', 'file_count': '1', 'use_shuffled': False, 'with_gt': True}}, k=10, concurrency_search_config=ConcurrencySearchConfig(num_concurrency=[1, 4, 8], concurrency_duration=30, concurrency_timeout=3600)), stages=['drop_old', 'load', 'search_serial', 'search_concurrent'], load_concurrency=0)
 (cli.py:659)
2026-07-27 11:47:18,417 | INFO |generated uuid for the tasks: 056a006b9e0e4840828496ba3d1dd650 (interface.py:73)
2026-07-27 11:47:18,704 | INFO | DB             | CaseType     Dataset               Filter | task_label (task_runner.py:411)
2026-07-27 11:47:18,704 | INFO | -----------    | ------------ -------------------- ------- | -------    (task_runner.py:411)
2026-07-27 11:47:18,705 | INFO | OSSOpenSearch  | Performance  deneysel-Custom-942      0.0 | 056a006b9e0e4840828496ba3d1dd650 (task_runner.py:411)
2026-07-27 11:47:18,705 | INFO |task submitted: id=056a006b9e0e4840828496ba3d1dd650, 056a006b9e0e4840828496ba3d1dd650, case number: 1 (interface.py:248)
2026-07-27 11:47:19,729 | INFO |[1/1] start case: {'label': <CaseLabel.Performance: 2>, 'name': 'deneysel-custom', 'dataset': {'data': {'name': 'deneysel', 'size': 942, 'dim': 1024, 'metric_type': <MetricType.COSINE: 'COSINE'>}}, 'db': 'OSSOpenSearch'}, drop_old=True (interface.py:178)
2026-07-27 11:47:19,729 | INFO |Starting run (task_runner.py:149)
2026-07-27 11:47:19,999 | INFO |OSS_OpenSearch client config: {'hosts': [{'host': 'localhost', 'port': 9200}], 'http_auth': ('admin', 'Sifre123!_UzunVeGuclu'), 'use_ssl': False, 'http_compress': True, 'verify_certs': False, 'ssl_assert_hostname': False, 'ssl_show_warn': False, 'timeout': 600} (oss_opensearch.py:221)
2026-07-27 11:47:19,999 | INFO |OSS_OpenSearch db case config: metric_type=<MetricType.COSINE: 'COSINE'> engine=<OSSOS_Engine.faiss: 'faiss'> efConstruction=256 efSearch=256 engine_name=None metric_type_name=None M=8 index_thread_qty=4 number_of_shards=1 number_of_replicas=0 number_of_segments=1 refresh_interval='60s' force_merge_enabled=True flush_threshold_size='5120mb' index_thread_qty_during_force_merge=4 cb_threshold='50%' number_of_indexing_clients=1 use_routing=False quantization_type=<OSSOpenSearchQuantization.NONE: 'None'> confidence_interval=None clip=False replication_type='DOCUMENT' knn_derived_source_enabled=False memory_optimized_search=False on_disk=False compression_level='32x' oversample_factor=1.0 (oss_opensearch.py:222)
2026-07-27 11:47:20,000 | INFO |OSS_OpenSearch client drop old index: vdb_bench_index (oss_opensearch.py:229)
2026-07-27 11:47:20,012 | INFO |Creating index with ef_search: 256 (oss_opensearch.py:318)
2026-07-27 11:47:20,012 | INFO |Creating index with number_of_replicas: 0 (oss_opensearch.py:319)
2026-07-27 11:47:20,013 | INFO |Creating index with replication_type: DOCUMENT (oss_opensearch.py:320)
2026-07-27 11:47:20,013 | INFO |Creating index with knn_derived_source_enabled: False (oss_opensearch.py:321)
2026-07-27 11:47:20,013 | INFO |Creating index with engine: OSSOS_Engine.faiss (oss_opensearch.py:322)
2026-07-27 11:47:20,013 | INFO |Creating index with metric type: None (oss_opensearch.py:323)
2026-07-27 11:47:20,013 | INFO |Creating index with memory_optimized_search: False (oss_opensearch.py:324)
2026-07-27 11:47:20,013 | INFO |All case_config parameters: {'metric_type': <MetricType.COSINE: 'COSINE'>, 'engine': <OSSOS_Engine.faiss: 'faiss'>, 'efConstruction': 256, 'efSearch': 256, 'engine_name': None, 'metric_type_name': None, 'M': 8, 'index_thread_qty': 4, 'number_of_shards': 1, 'number_of_replicas': 0, 'number_of_segments': 1, 'refresh_interval': '60s', 'force_merge_enabled': True, 'flush_threshold_size': '5120mb', 'index_thread_qty_during_force_merge': 4, 'cb_threshold': '50%', 'number_of_indexing_clients': 1, 'use_routing': False, 'quantization_type': <OSSOpenSearchQuantization.NONE: 'None'>, 'confidence_interval': None, 'clip': False, 'replication_type': 'DOCUMENT', 'knn_derived_source_enabled': False, 'memory_optimized_search': False, 'on_disk': False, 'compression_level': '32x', 'oversample_factor': 1.0} (oss_opensearch.py:325)
2026-07-27 11:47:20,067 | INFO |Successfully updated cluster settings for index creation (oss_opensearch.py:62)
2026-07-27 11:47:20,069 | INFO |User specified metric_type: None (config.py:183)
2026-07-27 11:47:20,070 | WARNING |[1/1] case {'label': <CaseLabel.Performance: 2>, 'name': 'deneysel-custom', 'dataset': {'data': {'name': 'deneysel', 'size': 942, 'dim': 1024, 'metric_type': <MetricType.COSINE: 'COSINE'>}}, 'db': 'OSSOpenSearch'} failed to run, reason='NoneType' object has no attribute 'upper' (interface.py:200)
2026-07-27 11:47:20,078 | INFO |Task summary: run_id=056a0, task_label=056a006b9e0e4840828496ba3d1dd650 (models.py:478)
2026-07-27 11:47:20,078 | INFO |DB            | db_label case            label                            | load_dur    qps        latency(p99)    latency(p95)    recall        max_load_count | label (models.py:478)
2026-07-27 11:47:20,079 | INFO |------------- | -------- --------------- -------------------------------- | ----------- ---------- --------------- --------------- ------------- -------------- | ----- (models.py:478)
2026-07-27 11:47:20,079 | INFO |OSSOpenSearch |          deneysel-custom 056a006b9e0e4840828496ba3d1dd650 | 0.0         0.0        0.0             0.0             0.0           0              | x     (models.py:478)
2026-07-27 11:47:20,079 | INFO |write results to disk C:\Users\tft\DeneyselRAG\env\Lib\site-packages\vectordb_bench\results\OSSOpenSearch\result_20260727_056a006b9e0e4840828496ba3d1dd650_ossopensearch.json (models.py:315)
2026-07-27 11:47:20,081 | INFO |Success to finish task: label=056a006b9e0e4840828496ba3d1dd650, run_id=056a006b9e0e4840828496ba3d1dd650 (interface.py:219)
2026-07-27 11:47:22,232 | INFO |Task:
TaskConfig(db=<DB.OSSOpenSearch: 'OSSOpenSearch'>, db_config=OSSOpenSearchConfig(db_label='', version='', note='', host='localhost', port=9200, user='admin', password=SecretStr('**********')), db_case_config=OSSOpenSearchIndexConfig(metric_type=<MetricType.L2: 'L2'>, engine=<OSSOS_Engine.faiss: 'faiss'>, efConstruction=256, efSearch=32, engine_name=None, metric_type_name=None, M=16, index_thread_qty=4, number_of_shards=1, number_of_replicas=0, number_of_segments=1, refresh_interval='60s', force_merge_enabled=True, flush_threshold_size='5120mb', index_thread_qty_during_force_merge=4, cb_threshold='50%', number_of_indexing_clients=1, use_routing=False, quantization_type=<OSSOpenSearchQuantization.NONE: 'None'>, confidence_interval=None, clip=False, replication_type='DOCUMENT', knn_derived_source_enabled=False, memory_optimized_search=False, on_disk=False, compression_level='32x', oversample_factor=1.0), case_config=CaseConfig(case_id=<CaseType.PerformanceCustomDataset: 101>, custom_case={'name': 'deneysel-custom', 'description': 'DeneyselRAG kendi PDF korpusu', 'load_timeout': 36000, 'optimize_timeout': 36000, 'dataset_config': {'name': 'deneysel', 'dir': 'deneysel_nvidia_nv_embedqa_e5_v5', 'size': '942', 'dim': '1024', 'metric_type': 'Cosine', 'file_count': '1', 'use_shuffled': False, 'with_gt': True}}, k=10, concurrency_search_config=ConcurrencySearchConfig(num_concurrency=[1, 4, 8], concurrency_duration=30, concurrency_timeout=3600)), stages=['drop_old', 'load', 'search_serial', 'search_concurrent'], load_concurrency=0)
 (cli.py:659)
2026-07-27 11:47:22,233 | INFO |generated uuid for the tasks: f54398943ed04d15a47cd00433114223 (interface.py:73)
2026-07-27 11:47:22,542 | INFO | DB             | CaseType     Dataset               Filter | task_label (task_runner.py:411)
2026-07-27 11:47:22,543 | INFO | -----------    | ------------ -------------------- ------- | -------    (task_runner.py:411)
2026-07-27 11:47:22,543 | INFO | OSSOpenSearch  | Performance  deneysel-Custom-942      0.0 | f54398943ed04d15a47cd00433114223 (task_runner.py:411)
2026-07-27 11:47:22,543 | INFO |task submitted: id=f54398943ed04d15a47cd00433114223, f54398943ed04d15a47cd00433114223, case number: 1 (interface.py:248)
2026-07-27 11:47:23,594 | INFO |[1/1] start case: {'label': <CaseLabel.Performance: 2>, 'name': 'deneysel-custom', 'dataset': {'data': {'name': 'deneysel', 'size': 942, 'dim': 1024, 'metric_type': <MetricType.COSINE: 'COSINE'>}}, 'db': 'OSSOpenSearch'}, drop_old=True (interface.py:178)
2026-07-27 11:47:23,595 | INFO |Starting run (task_runner.py:149)
2026-07-27 11:47:23,831 | INFO |OSS_OpenSearch client config: {'hosts': [{'host': 'localhost', 'port': 9200}], 'http_auth': ('admin', 'Sifre123!_UzunVeGuclu'), 'use_ssl': False, 'http_compress': True, 'verify_certs': False, 'ssl_assert_hostname': False, 'ssl_show_warn': False, 'timeout': 600} (oss_opensearch.py:221)
2026-07-27 11:47:23,832 | INFO |OSS_OpenSearch db case config: metric_type=<MetricType.COSINE: 'COSINE'> engine=<OSSOS_Engine.faiss: 'faiss'> efConstruction=256 efSearch=32 engine_name=None metric_type_name=None M=16 index_thread_qty=4 number_of_shards=1 number_of_replicas=0 number_of_segments=1 refresh_interval='60s' force_merge_enabled=True flush_threshold_size='5120mb' index_thread_qty_during_force_merge=4 cb_threshold='50%' number_of_indexing_clients=1 use_routing=False quantization_type=<OSSOpenSearchQuantization.NONE: 'None'> confidence_interval=None clip=False replication_type='DOCUMENT' knn_derived_source_enabled=False memory_optimized_search=False on_disk=False compression_level='32x' oversample_factor=1.0 (oss_opensearch.py:222)
2026-07-27 11:47:23,832 | INFO |OSS_OpenSearch client drop old index: vdb_bench_index (oss_opensearch.py:229)
2026-07-27 11:47:23,867 | INFO |Creating index with ef_search: 32 (oss_opensearch.py:318)
2026-07-27 11:47:23,868 | INFO |Creating index with number_of_replicas: 0 (oss_opensearch.py:319)
2026-07-27 11:47:23,868 | INFO |Creating index with replication_type: DOCUMENT (oss_opensearch.py:320)
2026-07-27 11:47:23,868 | INFO |Creating index with knn_derived_source_enabled: False (oss_opensearch.py:321)
2026-07-27 11:47:23,868 | INFO |Creating index with engine: OSSOS_Engine.faiss (oss_opensearch.py:322)
2026-07-27 11:47:23,869 | INFO |Creating index with metric type: None (oss_opensearch.py:323)
2026-07-27 11:47:23,869 | INFO |Creating index with memory_optimized_search: False (oss_opensearch.py:324)
2026-07-27 11:47:23,869 | INFO |All case_config parameters: {'metric_type': <MetricType.COSINE: 'COSINE'>, 'engine': <OSSOS_Engine.faiss: 'faiss'>, 'efConstruction': 256, 'efSearch': 32, 'engine_name': None, 'metric_type_name': None, 'M': 16, 'index_thread_qty': 4, 'number_of_shards': 1, 'number_of_replicas': 0, 'number_of_segments': 1, 'refresh_interval': '60s', 'force_merge_enabled': True, 'flush_threshold_size': '5120mb', 'index_thread_qty_during_force_merge': 4, 'cb_threshold': '50%', 'number_of_indexing_clients': 1, 'use_routing': False, 'quantization_type': <OSSOpenSearchQuantization.NONE: 'None'>, 'confidence_interval': None, 'clip': False, 'replication_type': 'DOCUMENT', 'knn_derived_source_enabled': False, 'memory_optimized_search': False, 'on_disk': False, 'compression_level': '32x', 'oversample_factor': 1.0} (oss_opensearch.py:325)
2026-07-27 11:47:23,917 | INFO |Successfully updated cluster settings for index creation (oss_opensearch.py:62)
2026-07-27 11:47:23,920 | INFO |User specified metric_type: None (config.py:183)
2026-07-27 11:47:23,920 | WARNING |[1/1] case {'label': <CaseLabel.Performance: 2>, 'name': 'deneysel-custom', 'dataset': {'data': {'name': 'deneysel', 'size': 942, 'dim': 1024, 'metric_type': <MetricType.COSINE: 'COSINE'>}}, 'db': 'OSSOpenSearch'} failed to run, reason='NoneType' object has no attribute 'upper' (interface.py:200)
2026-07-27 11:47:23,924 | INFO |Task summary: run_id=f5439, task_label=f54398943ed04d15a47cd00433114223 (models.py:478)
2026-07-27 11:47:23,925 | INFO |DB            | db_label case            label                            | load_dur    qps        latency(p99)    latency(p95)    recall        max_load_count | label (models.py:478)
2026-07-27 11:47:23,925 | INFO |------------- | -------- --------------- -------------------------------- | ----------- ---------- --------------- --------------- ------------- -------------- | ----- (models.py:478)
2026-07-27 11:47:23,925 | INFO |OSSOpenSearch |          deneysel-custom f54398943ed04d15a47cd00433114223 | 0.0         0.0        0.0             0.0             0.0           0              | x     (models.py:478)
2026-07-27 11:47:23,925 | INFO |write results to disk C:\Users\tft\DeneyselRAG\env\Lib\site-packages\vectordb_bench\results\OSSOpenSearch\result_20260727_f54398943ed04d15a47cd00433114223_ossopensearch.json (models.py:315)
2026-07-27 11:47:23,926 | INFO |Success to finish task: label=f54398943ed04d15a47cd00433114223, run_id=f54398943ed04d15a47cd00433114223 (interface.py:219)
2026-07-27 11:47:26,080 | INFO |Task:
TaskConfig(db=<DB.OSSOpenSearch: 'OSSOpenSearch'>, db_config=OSSOpenSearchConfig(db_label='', version='', note='', host='localhost', port=9200, user='admin', password=SecretStr('**********')), db_case_config=OSSOpenSearchIndexConfig(metric_type=<MetricType.L2: 'L2'>, engine=<OSSOS_Engine.faiss: 'faiss'>, efConstruction=256, efSearch=64, engine_name=None, metric_type_name=None, M=16, index_thread_qty=4, number_of_shards=1, number_of_replicas=0, number_of_segments=1, refresh_interval='60s', force_merge_enabled=True, flush_threshold_size='5120mb', index_thread_qty_during_force_merge=4, cb_threshold='50%', number_of_indexing_clients=1, use_routing=False, quantization_type=<OSSOpenSearchQuantization.NONE: 'None'>, confidence_interval=None, clip=False, replication_type='DOCUMENT', knn_derived_source_enabled=False, memory_optimized_search=False, on_disk=False, compression_level='32x', oversample_factor=1.0), case_config=CaseConfig(case_id=<CaseType.PerformanceCustomDataset: 101>, custom_case={'name': 'deneysel-custom', 'description': 'DeneyselRAG kendi PDF korpusu', 'load_timeout': 36000, 'optimize_timeout': 36000, 'dataset_config': {'name': 'deneysel', 'dir': 'deneysel_nvidia_nv_embedqa_e5_v5', 'size': '942', 'dim': '1024', 'metric_type': 'Cosine', 'file_count': '1', 'use_shuffled': False, 'with_gt': True}}, k=10, concurrency_search_config=ConcurrencySearchConfig(num_concurrency=[1, 4, 8], concurrency_duration=30, concurrency_timeout=3600)), stages=['drop_old', 'load', 'search_serial', 'search_concurrent'], load_concurrency=0)
 (cli.py:659)
2026-07-27 11:47:26,081 | INFO |generated uuid for the tasks: 42a22e31014d4f1ebb4f0fb5fa133d6a (interface.py:73)
2026-07-27 11:47:26,364 | INFO | DB             | CaseType     Dataset               Filter | task_label (task_runner.py:411)
2026-07-27 11:47:26,364 | INFO | -----------    | ------------ -------------------- ------- | -------    (task_runner.py:411)
2026-07-27 11:47:26,365 | INFO | OSSOpenSearch  | Performance  deneysel-Custom-942      0.0 | 42a22e31014d4f1ebb4f0fb5fa133d6a (task_runner.py:411)
2026-07-27 11:47:26,365 | INFO |task submitted: id=42a22e31014d4f1ebb4f0fb5fa133d6a, 42a22e31014d4f1ebb4f0fb5fa133d6a, case number: 1 (interface.py:248)
2026-07-27 11:47:27,404 | INFO |[1/1] start case: {'label': <CaseLabel.Performance: 2>, 'name': 'deneysel-custom', 'dataset': {'data': {'name': 'deneysel', 'size': 942, 'dim': 1024, 'metric_type': <MetricType.COSINE: 'COSINE'>}}, 'db': 'OSSOpenSearch'}, drop_old=True (interface.py:178)
2026-07-27 11:47:27,404 | INFO |Starting run (task_runner.py:149)
2026-07-27 11:47:27,678 | INFO |OSS_OpenSearch client config: {'hosts': [{'host': 'localhost', 'port': 9200}], 'http_auth': ('admin', 'Sifre123!_UzunVeGuclu'), 'use_ssl': False, 'http_compress': True, 'verify_certs': False, 'ssl_assert_hostname': False, 'ssl_show_warn': False, 'timeout': 600} (oss_opensearch.py:221)
2026-07-27 11:47:27,679 | INFO |OSS_OpenSearch db case config: metric_type=<MetricType.COSINE: 'COSINE'> engine=<OSSOS_Engine.faiss: 'faiss'> efConstruction=256 efSearch=64 engine_name=None metric_type_name=None M=16 index_thread_qty=4 number_of_shards=1 number_of_replicas=0 number_of_segments=1 refresh_interval='60s' force_merge_enabled=True flush_threshold_size='5120mb' index_thread_qty_during_force_merge=4 cb_threshold='50%' number_of_indexing_clients=1 use_routing=False quantization_type=<OSSOpenSearchQuantization.NONE: 'None'> confidence_interval=None clip=False replication_type='DOCUMENT' knn_derived_source_enabled=False memory_optimized_search=False on_disk=False compression_level='32x' oversample_factor=1.0 (oss_opensearch.py:222)
2026-07-27 11:47:27,679 | INFO |OSS_OpenSearch client drop old index: vdb_bench_index (oss_opensearch.py:229)
2026-07-27 11:47:27,700 | INFO |Creating index with ef_search: 64 (oss_opensearch.py:318)
2026-07-27 11:47:27,701 | INFO |Creating index with number_of_replicas: 0 (oss_opensearch.py:319)
2026-07-27 11:47:27,701 | INFO |Creating index with replication_type: DOCUMENT (oss_opensearch.py:320)
2026-07-27 11:47:27,701 | INFO |Creating index with knn_derived_source_enabled: False (oss_opensearch.py:321)
2026-07-27 11:47:27,701 | INFO |Creating index with engine: OSSOS_Engine.faiss (oss_opensearch.py:322)
2026-07-27 11:47:27,701 | INFO |Creating index with metric type: None (oss_opensearch.py:323)
2026-07-27 11:47:27,702 | INFO |Creating index with memory_optimized_search: False (oss_opensearch.py:324)
2026-07-27 11:47:27,702 | INFO |All case_config parameters: {'metric_type': <MetricType.COSINE: 'COSINE'>, 'engine': <OSSOS_Engine.faiss: 'faiss'>, 'efConstruction': 256, 'efSearch': 64, 'engine_name': None, 'metric_type_name': None, 'M': 16, 'index_thread_qty': 4, 'number_of_shards': 1, 'number_of_replicas': 0, 'number_of_segments': 1, 'refresh_interval': '60s', 'force_merge_enabled': True, 'flush_threshold_size': '5120mb', 'index_thread_qty_during_force_merge': 4, 'cb_threshold': '50%', 'number_of_indexing_clients': 1, 'use_routing': False, 'quantization_type': <OSSOpenSearchQuantization.NONE: 'None'>, 'confidence_interval': None, 'clip': False, 'replication_type': 'DOCUMENT', 'knn_derived_source_enabled': False, 'memory_optimized_search': False, 'on_disk': False, 'compression_level': '32x', 'oversample_factor': 1.0} (oss_opensearch.py:325)
2026-07-27 11:47:27,753 | INFO |Successfully updated cluster settings for index creation (oss_opensearch.py:62)
2026-07-27 11:47:27,755 | INFO |User specified metric_type: None (config.py:183)
2026-07-27 11:47:27,756 | WARNING |[1/1] case {'label': <CaseLabel.Performance: 2>, 'name': 'deneysel-custom', 'dataset': {'data': {'name': 'deneysel', 'size': 942, 'dim': 1024, 'metric_type': <MetricType.COSINE: 'COSINE'>}}, 'db': 'OSSOpenSearch'} failed to run, reason='NoneType' object has no attribute 'upper' (interface.py:200)
2026-07-27 11:47:27,760 | INFO |Task summary: run_id=42a22, task_label=42a22e31014d4f1ebb4f0fb5fa133d6a (models.py:478)
2026-07-27 11:47:27,760 | INFO |DB            | db_label case            label                            | load_dur    qps        latency(p99)    latency(p95)    recall        max_load_count | label (models.py:478)
2026-07-27 11:47:27,760 | INFO |------------- | -------- --------------- -------------------------------- | ----------- ---------- --------------- --------------- ------------- -------------- | ----- (models.py:478)
2026-07-27 11:47:27,760 | INFO |OSSOpenSearch |          deneysel-custom 42a22e31014d4f1ebb4f0fb5fa133d6a | 0.0         0.0        0.0             0.0             0.0           0              | x     (models.py:478)
2026-07-27 11:47:27,761 | INFO |write results to disk C:\Users\tft\DeneyselRAG\env\Lib\site-packages\vectordb_bench\results\OSSOpenSearch\result_20260727_42a22e31014d4f1ebb4f0fb5fa133d6a_ossopensearch.json (models.py:315)
2026-07-27 11:47:27,762 | INFO |Success to finish task: label=42a22e31014d4f1ebb4f0fb5fa133d6a, run_id=42a22e31014d4f1ebb4f0fb5fa133d6a (interface.py:219)
2026-07-27 11:47:29,895 | INFO |Task:
TaskConfig(db=<DB.OSSOpenSearch: 'OSSOpenSearch'>, db_config=OSSOpenSearchConfig(db_label='', version='', note='', host='localhost', port=9200, user='admin', password=SecretStr('**********')), db_case_config=OSSOpenSearchIndexConfig(metric_type=<MetricType.L2: 'L2'>, engine=<OSSOS_Engine.faiss: 'faiss'>, efConstruction=256, efSearch=128, engine_name=None, metric_type_name=None, M=16, index_thread_qty=4, number_of_shards=1, number_of_replicas=0, number_of_segments=1, refresh_interval='60s', force_merge_enabled=True, flush_threshold_size='5120mb', index_thread_qty_during_force_merge=4, cb_threshold='50%', number_of_indexing_clients=1, use_routing=False, quantization_type=<OSSOpenSearchQuantization.NONE: 'None'>, confidence_interval=None, clip=False, replication_type='DOCUMENT', knn_derived_source_enabled=False, memory_optimized_search=False, on_disk=False, compression_level='32x', oversample_factor=1.0), case_config=CaseConfig(case_id=<CaseType.PerformanceCustomDataset: 101>, custom_case={'name': 'deneysel-custom', 'description': 'DeneyselRAG kendi PDF korpusu', 'load_timeout': 36000, 'optimize_timeout': 36000, 'dataset_config': {'name': 'deneysel', 'dir': 'deneysel_nvidia_nv_embedqa_e5_v5', 'size': '942', 'dim': '1024', 'metric_type': 'Cosine', 'file_count': '1', 'use_shuffled': False, 'with_gt': True}}, k=10, concurrency_search_config=ConcurrencySearchConfig(num_concurrency=[1, 4, 8], concurrency_duration=30, concurrency_timeout=3600)), stages=['drop_old', 'load', 'search_serial', 'search_concurrent'], load_concurrency=0)
 (cli.py:659)
2026-07-27 11:47:29,896 | INFO |generated uuid for the tasks: 2ec7c7fab1464254995539c46cdcd2d2 (interface.py:73)
2026-07-27 11:47:30,181 | INFO | DB             | CaseType     Dataset               Filter | task_label (task_runner.py:411)
2026-07-27 11:47:30,181 | INFO | -----------    | ------------ -------------------- ------- | -------    (task_runner.py:411)
2026-07-27 11:47:30,181 | INFO | OSSOpenSearch  | Performance  deneysel-Custom-942      0.0 | 2ec7c7fab1464254995539c46cdcd2d2 (task_runner.py:411)
2026-07-27 11:47:30,182 | INFO |task submitted: id=2ec7c7fab1464254995539c46cdcd2d2, 2ec7c7fab1464254995539c46cdcd2d2, case number: 1 (interface.py:248)
2026-07-27 11:47:31,182 | INFO |[1/1] start case: {'label': <CaseLabel.Performance: 2>, 'name': 'deneysel-custom', 'dataset': {'data': {'name': 'deneysel', 'size': 942, 'dim': 1024, 'metric_type': <MetricType.COSINE: 'COSINE'>}}, 'db': 'OSSOpenSearch'}, drop_old=True (interface.py:178)
2026-07-27 11:47:31,182 | INFO |Starting run (task_runner.py:149)
2026-07-27 11:47:31,433 | INFO |OSS_OpenSearch client config: {'hosts': [{'host': 'localhost', 'port': 9200}], 'http_auth': ('admin', 'Sifre123!_UzunVeGuclu'), 'use_ssl': False, 'http_compress': True, 'verify_certs': False, 'ssl_assert_hostname': False, 'ssl_show_warn': False, 'timeout': 600} (oss_opensearch.py:221)
2026-07-27 11:47:31,433 | INFO |OSS_OpenSearch db case config: metric_type=<MetricType.COSINE: 'COSINE'> engine=<OSSOS_Engine.faiss: 'faiss'> efConstruction=256 efSearch=128 engine_name=None metric_type_name=None M=16 index_thread_qty=4 number_of_shards=1 number_of_replicas=0 number_of_segments=1 refresh_interval='60s' force_merge_enabled=True flush_threshold_size='5120mb' index_thread_qty_during_force_merge=4 cb_threshold='50%' number_of_indexing_clients=1 use_routing=False quantization_type=<OSSOpenSearchQuantization.NONE: 'None'> confidence_interval=None clip=False replication_type='DOCUMENT' knn_derived_source_enabled=False memory_optimized_search=False on_disk=False compression_level='32x' oversample_factor=1.0 (oss_opensearch.py:222)
2026-07-27 11:47:31,434 | INFO |OSS_OpenSearch client drop old index: vdb_bench_index (oss_opensearch.py:229)
2026-07-27 11:47:31,445 | INFO |Creating index with ef_search: 128 (oss_opensearch.py:318)
2026-07-27 11:47:31,445 | INFO |Creating index with number_of_replicas: 0 (oss_opensearch.py:319)
2026-07-27 11:47:31,446 | INFO |Creating index with replication_type: DOCUMENT (oss_opensearch.py:320)
2026-07-27 11:47:31,446 | INFO |Creating index with knn_derived_source_enabled: False (oss_opensearch.py:321)
2026-07-27 11:47:31,446 | INFO |Creating index with engine: OSSOS_Engine.faiss (oss_opensearch.py:322)
2026-07-27 11:47:31,446 | INFO |Creating index with metric type: None (oss_opensearch.py:323)
2026-07-27 11:47:31,446 | INFO |Creating index with memory_optimized_search: False (oss_opensearch.py:324)
2026-07-27 11:47:31,447 | INFO |All case_config parameters: {'metric_type': <MetricType.COSINE: 'COSINE'>, 'engine': <OSSOS_Engine.faiss: 'faiss'>, 'efConstruction': 256, 'efSearch': 128, 'engine_name': None, 'metric_type_name': None, 'M': 16, 'index_thread_qty': 4, 'number_of_shards': 1, 'number_of_replicas': 0, 'number_of_segments': 1, 'refresh_interval': '60s', 'force_merge_enabled': True, 'flush_threshold_size': '5120mb', 'index_thread_qty_during_force_merge': 4, 'cb_threshold': '50%', 'number_of_indexing_clients': 1, 'use_routing': False, 'quantization_type': <OSSOpenSearchQuantization.NONE: 'None'>, 'confidence_interval': None, 'clip': False, 'replication_type': 'DOCUMENT', 'knn_derived_source_enabled': False, 'memory_optimized_search': False, 'on_disk': False, 'compression_level': '32x', 'oversample_factor': 1.0} (oss_opensearch.py:325)
2026-07-27 11:47:31,497 | INFO |Successfully updated cluster settings for index creation (oss_opensearch.py:62)
2026-07-27 11:47:31,499 | INFO |User specified metric_type: None (config.py:183)
2026-07-27 11:47:31,500 | WARNING |[1/1] case {'label': <CaseLabel.Performance: 2>, 'name': 'deneysel-custom', 'dataset': {'data': {'name': 'deneysel', 'size': 942, 'dim': 1024, 'metric_type': <MetricType.COSINE: 'COSINE'>}}, 'db': 'OSSOpenSearch'} failed to run, reason='NoneType' object has no attribute 'upper' (interface.py:200)
2026-07-27 11:47:31,503 | INFO |Task summary: run_id=2ec7c, task_label=2ec7c7fab1464254995539c46cdcd2d2 (models.py:478)
2026-07-27 11:47:31,504 | INFO |DB            | db_label case            label                            | load_dur    qps        latency(p99)    latency(p95)    recall        max_load_count | label (models.py:478)
2026-07-27 11:47:31,504 | INFO |------------- | -------- --------------- -------------------------------- | ----------- ---------- --------------- --------------- ------------- -------------- | ----- (models.py:478)
2026-07-27 11:47:31,504 | INFO |OSSOpenSearch |          deneysel-custom 2ec7c7fab1464254995539c46cdcd2d2 | 0.0         0.0        0.0             0.0             0.0           0              | x     (models.py:478)
2026-07-27 11:47:31,505 | INFO |write results to disk C:\Users\tft\DeneyselRAG\env\Lib\site-packages\vectordb_bench\results\OSSOpenSearch\result_20260727_2ec7c7fab1464254995539c46cdcd2d2_ossopensearch.json (models.py:315)
2026-07-27 11:47:31,506 | INFO |Success to finish task: label=2ec7c7fab1464254995539c46cdcd2d2, run_id=2ec7c7fab1464254995539c46cdcd2d2 (interface.py:219)
2026-07-27 11:47:33,769 | INFO |Task:
TaskConfig(db=<DB.OSSOpenSearch: 'OSSOpenSearch'>, db_config=OSSOpenSearchConfig(db_label='', version='', note='', host='localhost', port=9200, user='admin', password=SecretStr('**********')), db_case_config=OSSOpenSearchIndexConfig(metric_type=<MetricType.L2: 'L2'>, engine=<OSSOS_Engine.faiss: 'faiss'>, efConstruction=256, efSearch=256, engine_name=None, metric_type_name=None, M=16, index_thread_qty=4, number_of_shards=1, number_of_replicas=0, number_of_segments=1, refresh_interval='60s', force_merge_enabled=True, flush_threshold_size='5120mb', index_thread_qty_during_force_merge=4, cb_threshold='50%', number_of_indexing_clients=1, use_routing=False, quantization_type=<OSSOpenSearchQuantization.NONE: 'None'>, confidence_interval=None, clip=False, replication_type='DOCUMENT', knn_derived_source_enabled=False, memory_optimized_search=False, on_disk=False, compression_level='32x', oversample_factor=1.0), case_config=CaseConfig(case_id=<CaseType.PerformanceCustomDataset: 101>, custom_case={'name': 'deneysel-custom', 'description': 'DeneyselRAG kendi PDF korpusu', 'load_timeout': 36000, 'optimize_timeout': 36000, 'dataset_config': {'name': 'deneysel', 'dir': 'deneysel_nvidia_nv_embedqa_e5_v5', 'size': '942', 'dim': '1024', 'metric_type': 'Cosine', 'file_count': '1', 'use_shuffled': False, 'with_gt': True}}, k=10, concurrency_search_config=ConcurrencySearchConfig(num_concurrency=[1, 4, 8], concurrency_duration=30, concurrency_timeout=3600)), stages=['drop_old', 'load', 'search_serial', 'search_concurrent'], load_concurrency=0)
 (cli.py:659)
2026-07-27 11:47:33,770 | INFO |generated uuid for the tasks: e3778375d0ab46e59ca8dba780d995d5 (interface.py:73)
2026-07-27 11:47:34,076 | INFO | DB             | CaseType     Dataset               Filter | task_label (task_runner.py:411)
2026-07-27 11:47:34,076 | INFO | -----------    | ------------ -------------------- ------- | -------    (task_runner.py:411)
2026-07-27 11:47:34,076 | INFO | OSSOpenSearch  | Performance  deneysel-Custom-942      0.0 | e3778375d0ab46e59ca8dba780d995d5 (task_runner.py:411)
2026-07-27 11:47:34,077 | INFO |task submitted: id=e3778375d0ab46e59ca8dba780d995d5, e3778375d0ab46e59ca8dba780d995d5, case number: 1 (interface.py:248)
2026-07-27 11:47:35,130 | INFO |[1/1] start case: {'label': <CaseLabel.Performance: 2>, 'name': 'deneysel-custom', 'dataset': {'data': {'name': 'deneysel', 'size': 942, 'dim': 1024, 'metric_type': <MetricType.COSINE: 'COSINE'>}}, 'db': 'OSSOpenSearch'}, drop_old=True (interface.py:178)
2026-07-27 11:47:35,130 | INFO |Starting run (task_runner.py:149)
2026-07-27 11:47:35,396 | INFO |OSS_OpenSearch client config: {'hosts': [{'host': 'localhost', 'port': 9200}], 'http_auth': ('admin', 'Sifre123!_UzunVeGuclu'), 'use_ssl': False, 'http_compress': True, 'verify_certs': False, 'ssl_assert_hostname': False, 'ssl_show_warn': False, 'timeout': 600} (oss_opensearch.py:221)
2026-07-27 11:47:35,397 | INFO |OSS_OpenSearch db case config: metric_type=<MetricType.COSINE: 'COSINE'> engine=<OSSOS_Engine.faiss: 'faiss'> efConstruction=256 efSearch=256 engine_name=None metric_type_name=None M=16 index_thread_qty=4 number_of_shards=1 number_of_replicas=0 number_of_segments=1 refresh_interval='60s' force_merge_enabled=True flush_threshold_size='5120mb' index_thread_qty_during_force_merge=4 cb_threshold='50%' number_of_indexing_clients=1 use_routing=False quantization_type=<OSSOpenSearchQuantization.NONE: 'None'> confidence_interval=None clip=False replication_type='DOCUMENT' knn_derived_source_enabled=False memory_optimized_search=False on_disk=False compression_level='32x' oversample_factor=1.0 (oss_opensearch.py:222)
2026-07-27 11:47:35,397 | INFO |OSS_OpenSearch client drop old index: vdb_bench_index (oss_opensearch.py:229)
2026-07-27 11:47:35,410 | INFO |Creating index with ef_search: 256 (oss_opensearch.py:318)
2026-07-27 11:47:35,410 | INFO |Creating index with number_of_replicas: 0 (oss_opensearch.py:319)
2026-07-27 11:47:35,410 | INFO |Creating index with replication_type: DOCUMENT (oss_opensearch.py:320)
2026-07-27 11:47:35,410 | INFO |Creating index with knn_derived_source_enabled: False (oss_opensearch.py:321)
2026-07-27 11:47:35,410 | INFO |Creating index with engine: OSSOS_Engine.faiss (oss_opensearch.py:322)
2026-07-27 11:47:35,411 | INFO |Creating index with metric type: None (oss_opensearch.py:323)
2026-07-27 11:47:35,411 | INFO |Creating index with memory_optimized_search: False (oss_opensearch.py:324)
2026-07-27 11:47:35,411 | INFO |All case_config parameters: {'metric_type': <MetricType.COSINE: 'COSINE'>, 'engine': <OSSOS_Engine.faiss: 'faiss'>, 'efConstruction': 256, 'efSearch': 256, 'engine_name': None, 'metric_type_name': None, 'M': 16, 'index_thread_qty': 4, 'number_of_shards': 1, 'number_of_replicas': 0, 'number_of_segments': 1, 'refresh_interval': '60s', 'force_merge_enabled': True, 'flush_threshold_size': '5120mb', 'index_thread_qty_during_force_merge': 4, 'cb_threshold': '50%', 'number_of_indexing_clients': 1, 'use_routing': False, 'quantization_type': <OSSOpenSearchQuantization.NONE: 'None'>, 'confidence_interval': None, 'clip': False, 'replication_type': 'DOCUMENT', 'knn_derived_source_enabled': False, 'memory_optimized_search': False, 'on_disk': False, 'compression_level': '32x', 'oversample_factor': 1.0} (oss_opensearch.py:325)
2026-07-27 11:47:35,461 | INFO |Successfully updated cluster settings for index creation (oss_opensearch.py:62)
2026-07-27 11:47:35,464 | INFO |User specified metric_type: None (config.py:183)
2026-07-27 11:47:35,464 | WARNING |[1/1] case {'label': <CaseLabel.Performance: 2>, 'name': 'deneysel-custom', 'dataset': {'data': {'name': 'deneysel', 'size': 942, 'dim': 1024, 'metric_type': <MetricType.COSINE: 'COSINE'>}}, 'db': 'OSSOpenSearch'} failed to run, reason='NoneType' object has no attribute 'upper' (interface.py:200)
2026-07-27 11:47:35,468 | INFO |Task summary: run_id=e3778, task_label=e3778375d0ab46e59ca8dba780d995d5 (models.py:478)
2026-07-27 11:47:35,468 | INFO |DB            | db_label case            label                            | load_dur    qps        latency(p99)    latency(p95)    recall        max_load_count | label (models.py:478)
2026-07-27 11:47:35,468 | INFO |------------- | -------- --------------- -------------------------------- | ----------- ---------- --------------- --------------- ------------- -------------- | ----- (models.py:478)
2026-07-27 11:47:35,468 | INFO |OSSOpenSearch |          deneysel-custom e3778375d0ab46e59ca8dba780d995d5 | 0.0         0.0        0.0             0.0             0.0           0              | x     (models.py:478)
2026-07-27 11:47:35,469 | INFO |write results to disk C:\Users\tft\DeneyselRAG\env\Lib\site-packages\vectordb_bench\results\OSSOpenSearch\result_20260727_e3778375d0ab46e59ca8dba780d995d5_ossopensearch.json (models.py:315)
2026-07-27 11:47:35,470 | INFO |Success to finish task: label=e3778375d0ab46e59ca8dba780d995d5, run_id=e3778375d0ab46e59ca8dba780d995d5 (interface.py:219)
2026-07-27 11:47:37,659 | INFO |Task:
TaskConfig(db=<DB.OSSOpenSearch: 'OSSOpenSearch'>, db_config=OSSOpenSearchConfig(db_label='', version='', note='', host='localhost', port=9200, user='admin', password=SecretStr('**********')), db_case_config=OSSOpenSearchIndexConfig(metric_type=<MetricType.L2: 'L2'>, engine=<OSSOS_Engine.faiss: 'faiss'>, efConstruction=256, efSearch=32, engine_name=None, metric_type_name=None, M=32, index_thread_qty=4, number_of_shards=1, number_of_replicas=0, number_of_segments=1, refresh_interval='60s', force_merge_enabled=True, flush_threshold_size='5120mb', index_thread_qty_during_force_merge=4, cb_threshold='50%', number_of_indexing_clients=1, use_routing=False, quantization_type=<OSSOpenSearchQuantization.NONE: 'None'>, confidence_interval=None, clip=False, replication_type='DOCUMENT', knn_derived_source_enabled=False, memory_optimized_search=False, on_disk=False, compression_level='32x', oversample_factor=1.0), case_config=CaseConfig(case_id=<CaseType.PerformanceCustomDataset: 101>, custom_case={'name': 'deneysel-custom', 'description': 'DeneyselRAG kendi PDF korpusu', 'load_timeout': 36000, 'optimize_timeout': 36000, 'dataset_config': {'name': 'deneysel', 'dir': 'deneysel_nvidia_nv_embedqa_e5_v5', 'size': '942', 'dim': '1024', 'metric_type': 'Cosine', 'file_count': '1', 'use_shuffled': False, 'with_gt': True}}, k=10, concurrency_search_config=ConcurrencySearchConfig(num_concurrency=[1, 4, 8], concurrency_duration=30, concurrency_timeout=3600)), stages=['drop_old', 'load', 'search_serial', 'search_concurrent'], load_concurrency=0)
 (cli.py:659)
2026-07-27 11:47:37,659 | INFO |generated uuid for the tasks: 8de2d78915cc45688a4d4eb8a4b545d3 (interface.py:73)
2026-07-27 11:47:37,975 | INFO | DB             | CaseType     Dataset               Filter | task_label (task_runner.py:411)
2026-07-27 11:47:37,975 | INFO | -----------    | ------------ -------------------- ------- | -------    (task_runner.py:411)
2026-07-27 11:47:37,975 | INFO | OSSOpenSearch  | Performance  deneysel-Custom-942      0.0 | 8de2d78915cc45688a4d4eb8a4b545d3 (task_runner.py:411)
2026-07-27 11:47:37,975 | INFO |task submitted: id=8de2d78915cc45688a4d4eb8a4b545d3, 8de2d78915cc45688a4d4eb8a4b545d3, case number: 1 (interface.py:248)
2026-07-27 11:47:39,000 | INFO |[1/1] start case: {'label': <CaseLabel.Performance: 2>, 'name': 'deneysel-custom', 'dataset': {'data': {'name': 'deneysel', 'size': 942, 'dim': 1024, 'metric_type': <MetricType.COSINE: 'COSINE'>}}, 'db': 'OSSOpenSearch'}, drop_old=True (interface.py:178)
2026-07-27 11:47:39,001 | INFO |Starting run (task_runner.py:149)
2026-07-27 11:47:39,248 | INFO |OSS_OpenSearch client config: {'hosts': [{'host': 'localhost', 'port': 9200}], 'http_auth': ('admin', 'Sifre123!_UzunVeGuclu'), 'use_ssl': False, 'http_compress': True, 'verify_certs': False, 'ssl_assert_hostname': False, 'ssl_show_warn': False, 'timeout': 600} (oss_opensearch.py:221)
2026-07-27 11:47:39,248 | INFO |OSS_OpenSearch db case config: metric_type=<MetricType.COSINE: 'COSINE'> engine=<OSSOS_Engine.faiss: 'faiss'> efConstruction=256 efSearch=32 engine_name=None metric_type_name=None M=32 index_thread_qty=4 number_of_shards=1 number_of_replicas=0 number_of_segments=1 refresh_interval='60s' force_merge_enabled=True flush_threshold_size='5120mb' index_thread_qty_during_force_merge=4 cb_threshold='50%' number_of_indexing_clients=1 use_routing=False quantization_type=<OSSOpenSearchQuantization.NONE: 'None'> confidence_interval=None clip=False replication_type='DOCUMENT' knn_derived_source_enabled=False memory_optimized_search=False on_disk=False compression_level='32x' oversample_factor=1.0 (oss_opensearch.py:222)
2026-07-27 11:47:39,249 | INFO |OSS_OpenSearch client drop old index: vdb_bench_index (oss_opensearch.py:229)
2026-07-27 11:47:39,261 | INFO |Creating index with ef_search: 32 (oss_opensearch.py:318)
2026-07-27 11:47:39,262 | INFO |Creating index with number_of_replicas: 0 (oss_opensearch.py:319)
2026-07-27 11:47:39,262 | INFO |Creating index with replication_type: DOCUMENT (oss_opensearch.py:320)
2026-07-27 11:47:39,262 | INFO |Creating index with knn_derived_source_enabled: False (oss_opensearch.py:321)
2026-07-27 11:47:39,262 | INFO |Creating index with engine: OSSOS_Engine.faiss (oss_opensearch.py:322)
2026-07-27 11:47:39,262 | INFO |Creating index with metric type: None (oss_opensearch.py:323)
2026-07-27 11:47:39,263 | INFO |Creating index with memory_optimized_search: False (oss_opensearch.py:324)
2026-07-27 11:47:39,263 | INFO |All case_config parameters: {'metric_type': <MetricType.COSINE: 'COSINE'>, 'engine': <OSSOS_Engine.faiss: 'faiss'>, 'efConstruction': 256, 'efSearch': 32, 'engine_name': None, 'metric_type_name': None, 'M': 32, 'index_thread_qty': 4, 'number_of_shards': 1, 'number_of_replicas': 0, 'number_of_segments': 1, 'refresh_interval': '60s', 'force_merge_enabled': True, 'flush_threshold_size': '5120mb', 'index_thread_qty_during_force_merge': 4, 'cb_threshold': '50%', 'number_of_indexing_clients': 1, 'use_routing': False, 'quantization_type': <OSSOpenSearchQuantization.NONE: 'None'>, 'confidence_interval': None, 'clip': False, 'replication_type': 'DOCUMENT', 'knn_derived_source_enabled': False, 'memory_optimized_search': False, 'on_disk': False, 'compression_level': '32x', 'oversample_factor': 1.0} (oss_opensearch.py:325)
2026-07-27 11:47:39,312 | INFO |Successfully updated cluster settings for index creation (oss_opensearch.py:62)
2026-07-27 11:47:39,314 | INFO |User specified metric_type: None (config.py:183)
2026-07-27 11:47:39,314 | WARNING |[1/1] case {'label': <CaseLabel.Performance: 2>, 'name': 'deneysel-custom', 'dataset': {'data': {'name': 'deneysel', 'size': 942, 'dim': 1024, 'metric_type': <MetricType.COSINE: 'COSINE'>}}, 'db': 'OSSOpenSearch'} failed to run, reason='NoneType' object has no attribute 'upper' (interface.py:200)
2026-07-27 11:47:39,318 | INFO |Task summary: run_id=8de2d, task_label=8de2d78915cc45688a4d4eb8a4b545d3 (models.py:478)
2026-07-27 11:47:39,319 | INFO |DB            | db_label case            label                            | load_dur    qps        latency(p99)    latency(p95)    recall        max_load_count | label (models.py:478)
2026-07-27 11:47:39,319 | INFO |------------- | -------- --------------- -------------------------------- | ----------- ---------- --------------- --------------- ------------- -------------- | ----- (models.py:478)
2026-07-27 11:47:39,319 | INFO |OSSOpenSearch |          deneysel-custom 8de2d78915cc45688a4d4eb8a4b545d3 | 0.0         0.0        0.0             0.0             0.0           0              | x     (models.py:478)
2026-07-27 11:47:39,319 | INFO |write results to disk C:\Users\tft\DeneyselRAG\env\Lib\site-packages\vectordb_bench\results\OSSOpenSearch\result_20260727_8de2d78915cc45688a4d4eb8a4b545d3_ossopensearch.json (models.py:315)
2026-07-27 11:47:39,320 | INFO |Success to finish task: label=8de2d78915cc45688a4d4eb8a4b545d3, run_id=8de2d78915cc45688a4d4eb8a4b545d3 (interface.py:219)
2026-07-27 11:47:41,511 | INFO |Task:
TaskConfig(db=<DB.OSSOpenSearch: 'OSSOpenSearch'>, db_config=OSSOpenSearchConfig(db_label='', version='', note='', host='localhost', port=9200, user='admin', password=SecretStr('**********')), db_case_config=OSSOpenSearchIndexConfig(metric_type=<MetricType.L2: 'L2'>, engine=<OSSOS_Engine.faiss: 'faiss'>, efConstruction=256, efSearch=64, engine_name=None, metric_type_name=None, M=32, index_thread_qty=4, number_of_shards=1, number_of_replicas=0, number_of_segments=1, refresh_interval='60s', force_merge_enabled=True, flush_threshold_size='5120mb', index_thread_qty_during_force_merge=4, cb_threshold='50%', number_of_indexing_clients=1, use_routing=False, quantization_type=<OSSOpenSearchQuantization.NONE: 'None'>, confidence_interval=None, clip=False, replication_type='DOCUMENT', knn_derived_source_enabled=False, memory_optimized_search=False, on_disk=False, compression_level='32x', oversample_factor=1.0), case_config=CaseConfig(case_id=<CaseType.PerformanceCustomDataset: 101>, custom_case={'name': 'deneysel-custom', 'description': 'DeneyselRAG kendi PDF korpusu', 'load_timeout': 36000, 'optimize_timeout': 36000, 'dataset_config': {'name': 'deneysel', 'dir': 'deneysel_nvidia_nv_embedqa_e5_v5', 'size': '942', 'dim': '1024', 'metric_type': 'Cosine', 'file_count': '1', 'use_shuffled': False, 'with_gt': True}}, k=10, concurrency_search_config=ConcurrencySearchConfig(num_concurrency=[1, 4, 8], concurrency_duration=30, concurrency_timeout=3600)), stages=['drop_old', 'load', 'search_serial', 'search_concurrent'], load_concurrency=0)
 (cli.py:659)
2026-07-27 11:47:41,511 | INFO |generated uuid for the tasks: 68046b715a2649f0b9cc2d82a81d0d6a (interface.py:73)
2026-07-27 11:47:41,801 | INFO | DB             | CaseType     Dataset               Filter | task_label (task_runner.py:411)
2026-07-27 11:47:41,801 | INFO | -----------    | ------------ -------------------- ------- | -------    (task_runner.py:411)
2026-07-27 11:47:41,801 | INFO | OSSOpenSearch  | Performance  deneysel-Custom-942      0.0 | 68046b715a2649f0b9cc2d82a81d0d6a (task_runner.py:411)
2026-07-27 11:47:41,802 | INFO |task submitted: id=68046b715a2649f0b9cc2d82a81d0d6a, 68046b715a2649f0b9cc2d82a81d0d6a, case number: 1 (interface.py:248)
2026-07-27 11:47:42,856 | INFO |[1/1] start case: {'label': <CaseLabel.Performance: 2>, 'name': 'deneysel-custom', 'dataset': {'data': {'name': 'deneysel', 'size': 942, 'dim': 1024, 'metric_type': <MetricType.COSINE: 'COSINE'>}}, 'db': 'OSSOpenSearch'}, drop_old=True (interface.py:178)
2026-07-27 11:47:42,857 | INFO |Starting run (task_runner.py:149)
2026-07-27 11:47:43,152 | INFO |OSS_OpenSearch client config: {'hosts': [{'host': 'localhost', 'port': 9200}], 'http_auth': ('admin', 'Sifre123!_UzunVeGuclu'), 'use_ssl': False, 'http_compress': True, 'verify_certs': False, 'ssl_assert_hostname': False, 'ssl_show_warn': False, 'timeout': 600} (oss_opensearch.py:221)
2026-07-27 11:47:43,152 | INFO |OSS_OpenSearch db case config: metric_type=<MetricType.COSINE: 'COSINE'> engine=<OSSOS_Engine.faiss: 'faiss'> efConstruction=256 efSearch=64 engine_name=None metric_type_name=None M=32 index_thread_qty=4 number_of_shards=1 number_of_replicas=0 number_of_segments=1 refresh_interval='60s' force_merge_enabled=True flush_threshold_size='5120mb' index_thread_qty_during_force_merge=4 cb_threshold='50%' number_of_indexing_clients=1 use_routing=False quantization_type=<OSSOpenSearchQuantization.NONE: 'None'> confidence_interval=None clip=False replication_type='DOCUMENT' knn_derived_source_enabled=False memory_optimized_search=False on_disk=False compression_level='32x' oversample_factor=1.0 (oss_opensearch.py:222)
2026-07-27 11:47:43,153 | INFO |OSS_OpenSearch client drop old index: vdb_bench_index (oss_opensearch.py:229)
2026-07-27 11:47:43,166 | INFO |Creating index with ef_search: 64 (oss_opensearch.py:318)
2026-07-27 11:47:43,166 | INFO |Creating index with number_of_replicas: 0 (oss_opensearch.py:319)
2026-07-27 11:47:43,166 | INFO |Creating index with replication_type: DOCUMENT (oss_opensearch.py:320)
2026-07-27 11:47:43,166 | INFO |Creating index with knn_derived_source_enabled: False (oss_opensearch.py:321)
2026-07-27 11:47:43,167 | INFO |Creating index with engine: OSSOS_Engine.faiss (oss_opensearch.py:322)
2026-07-27 11:47:43,167 | INFO |Creating index with metric type: None (oss_opensearch.py:323)
2026-07-27 11:47:43,167 | INFO |Creating index with memory_optimized_search: False (oss_opensearch.py:324)
2026-07-27 11:47:43,167 | INFO |All case_config parameters: {'metric_type': <MetricType.COSINE: 'COSINE'>, 'engine': <OSSOS_Engine.faiss: 'faiss'>, 'efConstruction': 256, 'efSearch': 64, 'engine_name': None, 'metric_type_name': None, 'M': 32, 'index_thread_qty': 4, 'number_of_shards': 1, 'number_of_replicas': 0, 'number_of_segments': 1, 'refresh_interval': '60s', 'force_merge_enabled': True, 'flush_threshold_size': '5120mb', 'index_thread_qty_during_force_merge': 4, 'cb_threshold': '50%', 'number_of_indexing_clients': 1, 'use_routing': False, 'quantization_type': <OSSOpenSearchQuantization.NONE: 'None'>, 'confidence_interval': None, 'clip': False, 'replication_type': 'DOCUMENT', 'knn_derived_source_enabled': False, 'memory_optimized_search': False, 'on_disk': False, 'compression_level': '32x', 'oversample_factor': 1.0} (oss_opensearch.py:325)
2026-07-27 11:47:43,214 | INFO |Successfully updated cluster settings for index creation (oss_opensearch.py:62)
2026-07-27 11:47:43,217 | INFO |User specified metric_type: None (config.py:183)
2026-07-27 11:47:43,217 | WARNING |[1/1] case {'label': <CaseLabel.Performance: 2>, 'name': 'deneysel-custom', 'dataset': {'data': {'name': 'deneysel', 'size': 942, 'dim': 1024, 'metric_type': <MetricType.COSINE: 'COSINE'>}}, 'db': 'OSSOpenSearch'} failed to run, reason='NoneType' object has no attribute 'upper' (interface.py:200)
2026-07-27 11:47:43,221 | INFO |Task summary: run_id=68046, task_label=68046b715a2649f0b9cc2d82a81d0d6a (models.py:478)
2026-07-27 11:47:43,221 | INFO |DB            | db_label case            label                            | load_dur    qps        latency(p99)    latency(p95)    recall        max_load_count | label (models.py:478)
2026-07-27 11:47:43,222 | INFO |------------- | -------- --------------- -------------------------------- | ----------- ---------- --------------- --------------- ------------- -------------- | ----- (models.py:478)
2026-07-27 11:47:43,222 | INFO |OSSOpenSearch |          deneysel-custom 68046b715a2649f0b9cc2d82a81d0d6a | 0.0         0.0        0.0             0.0             0.0           0              | x     (models.py:478)
2026-07-27 11:47:43,222 | INFO |write results to disk C:\Users\tft\DeneyselRAG\env\Lib\site-packages\vectordb_bench\results\OSSOpenSearch\result_20260727_68046b715a2649f0b9cc2d82a81d0d6a_ossopensearch.json (models.py:315)
2026-07-27 11:47:43,224 | INFO |Success to finish task: label=68046b715a2649f0b9cc2d82a81d0d6a, run_id=68046b715a2649f0b9cc2d82a81d0d6a (interface.py:219)
2026-07-27 11:47:45,344 | INFO |Task:
TaskConfig(db=<DB.OSSOpenSearch: 'OSSOpenSearch'>, db_config=OSSOpenSearchConfig(db_label='', version='', note='', host='localhost', port=9200, user='admin', password=SecretStr('**********')), db_case_config=OSSOpenSearchIndexConfig(metric_type=<MetricType.L2: 'L2'>, engine=<OSSOS_Engine.faiss: 'faiss'>, efConstruction=256, efSearch=128, engine_name=None, metric_type_name=None, M=32, index_thread_qty=4, number_of_shards=1, number_of_replicas=0, number_of_segments=1, refresh_interval='60s', force_merge_enabled=True, flush_threshold_size='5120mb', index_thread_qty_during_force_merge=4, cb_threshold='50%', number_of_indexing_clients=1, use_routing=False, quantization_type=<OSSOpenSearchQuantization.NONE: 'None'>, confidence_interval=None, clip=False, replication_type='DOCUMENT', knn_derived_source_enabled=False, memory_optimized_search=False, on_disk=False, compression_level='32x', oversample_factor=1.0), case_config=CaseConfig(case_id=<CaseType.PerformanceCustomDataset: 101>, custom_case={'name': 'deneysel-custom', 'description': 'DeneyselRAG kendi PDF korpusu', 'load_timeout': 36000, 'optimize_timeout': 36000, 'dataset_config': {'name': 'deneysel', 'dir': 'deneysel_nvidia_nv_embedqa_e5_v5', 'size': '942', 'dim': '1024', 'metric_type': 'Cosine', 'file_count': '1', 'use_shuffled': False, 'with_gt': True}}, k=10, concurrency_search_config=ConcurrencySearchConfig(num_concurrency=[1, 4, 8], concurrency_duration=30, concurrency_timeout=3600)), stages=['drop_old', 'load', 'search_serial', 'search_concurrent'], load_concurrency=0)
 (cli.py:659)
2026-07-27 11:47:45,345 | INFO |generated uuid for the tasks: 304fe5d1cccc490c96dd983ad44724fc (interface.py:73)
2026-07-27 11:47:45,630 | INFO | DB             | CaseType     Dataset               Filter | task_label (task_runner.py:411)
2026-07-27 11:47:45,630 | INFO | -----------    | ------------ -------------------- ------- | -------    (task_runner.py:411)
2026-07-27 11:47:45,630 | INFO | OSSOpenSearch  | Performance  deneysel-Custom-942      0.0 | 304fe5d1cccc490c96dd983ad44724fc (task_runner.py:411)
2026-07-27 11:47:45,630 | INFO |task submitted: id=304fe5d1cccc490c96dd983ad44724fc, 304fe5d1cccc490c96dd983ad44724fc, case number: 1 (interface.py:248)
2026-07-27 11:47:46,656 | INFO |[1/1] start case: {'label': <CaseLabel.Performance: 2>, 'name': 'deneysel-custom', 'dataset': {'data': {'name': 'deneysel', 'size': 942, 'dim': 1024, 'metric_type': <MetricType.COSINE: 'COSINE'>}}, 'db': 'OSSOpenSearch'}, drop_old=True (interface.py:178)
2026-07-27 11:47:46,656 | INFO |Starting run (task_runner.py:149)
2026-07-27 11:47:46,895 | INFO |OSS_OpenSearch client config: {'hosts': [{'host': 'localhost', 'port': 9200}], 'http_auth': ('admin', 'Sifre123!_UzunVeGuclu'), 'use_ssl': False, 'http_compress': True, 'verify_certs': False, 'ssl_assert_hostname': False, 'ssl_show_warn': False, 'timeout': 600} (oss_opensearch.py:221)
2026-07-27 11:47:46,895 | INFO |OSS_OpenSearch db case config: metric_type=<MetricType.COSINE: 'COSINE'> engine=<OSSOS_Engine.faiss: 'faiss'> efConstruction=256 efSearch=128 engine_name=None metric_type_name=None M=32 index_thread_qty=4 number_of_shards=1 number_of_replicas=0 number_of_segments=1 refresh_interval='60s' force_merge_enabled=True flush_threshold_size='5120mb' index_thread_qty_during_force_merge=4 cb_threshold='50%' number_of_indexing_clients=1 use_routing=False quantization_type=<OSSOpenSearchQuantization.NONE: 'None'> confidence_interval=None clip=False replication_type='DOCUMENT' knn_derived_source_enabled=False memory_optimized_search=False on_disk=False compression_level='32x' oversample_factor=1.0 (oss_opensearch.py:222)
2026-07-27 11:47:46,896 | INFO |OSS_OpenSearch client drop old index: vdb_bench_index (oss_opensearch.py:229)
2026-07-27 11:47:46,907 | INFO |Creating index with ef_search: 128 (oss_opensearch.py:318)
2026-07-27 11:47:46,908 | INFO |Creating index with number_of_replicas: 0 (oss_opensearch.py:319)
2026-07-27 11:47:46,908 | INFO |Creating index with replication_type: DOCUMENT (oss_opensearch.py:320)
2026-07-27 11:47:46,908 | INFO |Creating index with knn_derived_source_enabled: False (oss_opensearch.py:321)
2026-07-27 11:47:46,908 | INFO |Creating index with engine: OSSOS_Engine.faiss (oss_opensearch.py:322)
2026-07-27 11:47:46,908 | INFO |Creating index with metric type: None (oss_opensearch.py:323)
2026-07-27 11:47:46,909 | INFO |Creating index with memory_optimized_search: False (oss_opensearch.py:324)
2026-07-27 11:47:46,909 | INFO |All case_config parameters: {'metric_type': <MetricType.COSINE: 'COSINE'>, 'engine': <OSSOS_Engine.faiss: 'faiss'>, 'efConstruction': 256, 'efSearch': 128, 'engine_name': None, 'metric_type_name': None, 'M': 32, 'index_thread_qty': 4, 'number_of_shards': 1, 'number_of_replicas': 0, 'number_of_segments': 1, 'refresh_interval': '60s', 'force_merge_enabled': True, 'flush_threshold_size': '5120mb', 'index_thread_qty_during_force_merge': 4, 'cb_threshold': '50%', 'number_of_indexing_clients': 1, 'use_routing': False, 'quantization_type': <OSSOpenSearchQuantization.NONE: 'None'>, 'confidence_interval': None, 'clip': False, 'replication_type': 'DOCUMENT', 'knn_derived_source_enabled': False, 'memory_optimized_search': False, 'on_disk': False, 'compression_level': '32x', 'oversample_factor': 1.0} (oss_opensearch.py:325)
2026-07-27 11:47:46,958 | INFO |Successfully updated cluster settings for index creation (oss_opensearch.py:62)
2026-07-27 11:47:46,960 | INFO |User specified metric_type: None (config.py:183)
2026-07-27 11:47:46,961 | WARNING |[1/1] case {'label': <CaseLabel.Performance: 2>, 'name': 'deneysel-custom', 'dataset': {'data': {'name': 'deneysel', 'size': 942, 'dim': 1024, 'metric_type': <MetricType.COSINE: 'COSINE'>}}, 'db': 'OSSOpenSearch'} failed to run, reason='NoneType' object has no attribute 'upper' (interface.py:200)
2026-07-27 11:47:46,965 | INFO |Task summary: run_id=304fe, task_label=304fe5d1cccc490c96dd983ad44724fc (models.py:478)
2026-07-27 11:47:46,965 | INFO |DB            | db_label case            label                            | load_dur    qps        latency(p99)    latency(p95)    recall        max_load_count | label (models.py:478)
2026-07-27 11:47:46,965 | INFO |------------- | -------- --------------- -------------------------------- | ----------- ---------- --------------- --------------- ------------- -------------- | ----- (models.py:478)
2026-07-27 11:47:46,965 | INFO |OSSOpenSearch |          deneysel-custom 304fe5d1cccc490c96dd983ad44724fc | 0.0         0.0        0.0             0.0             0.0           0              | x     (models.py:478)
2026-07-27 11:47:46,966 | INFO |write results to disk C:\Users\tft\DeneyselRAG\env\Lib\site-packages\vectordb_bench\results\OSSOpenSearch\result_20260727_304fe5d1cccc490c96dd983ad44724fc_ossopensearch.json (models.py:315)
2026-07-27 11:47:46,967 | INFO |Success to finish task: label=304fe5d1cccc490c96dd983ad44724fc, run_id=304fe5d1cccc490c96dd983ad44724fc (interface.py:219)
2026-07-27 11:47:49,231 | INFO |Task:
TaskConfig(db=<DB.OSSOpenSearch: 'OSSOpenSearch'>, db_config=OSSOpenSearchConfig(db_label='', version='', note='', host='localhost', port=9200, user='admin', password=SecretStr('**********')), db_case_config=OSSOpenSearchIndexConfig(metric_type=<MetricType.L2: 'L2'>, engine=<OSSOS_Engine.faiss: 'faiss'>, efConstruction=256, efSearch=256, engine_name=None, metric_type_name=None, M=32, index_thread_qty=4, number_of_shards=1, number_of_replicas=0, number_of_segments=1, refresh_interval='60s', force_merge_enabled=True, flush_threshold_size='5120mb', index_thread_qty_during_force_merge=4, cb_threshold='50%', number_of_indexing_clients=1, use_routing=False, quantization_type=<OSSOpenSearchQuantization.NONE: 'None'>, confidence_interval=None, clip=False, replication_type='DOCUMENT', knn_derived_source_enabled=False, memory_optimized_search=False, on_disk=False, compression_level='32x', oversample_factor=1.0), case_config=CaseConfig(case_id=<CaseType.PerformanceCustomDataset: 101>, custom_case={'name': 'deneysel-custom', 'description': 'DeneyselRAG kendi PDF korpusu', 'load_timeout': 36000, 'optimize_timeout': 36000, 'dataset_config': {'name': 'deneysel', 'dir': 'deneysel_nvidia_nv_embedqa_e5_v5', 'size': '942', 'dim': '1024', 'metric_type': 'Cosine', 'file_count': '1', 'use_shuffled': False, 'with_gt': True}}, k=10, concurrency_search_config=ConcurrencySearchConfig(num_concurrency=[1, 4, 8], concurrency_duration=30, concurrency_timeout=3600)), stages=['drop_old', 'load', 'search_serial', 'search_concurrent'], load_concurrency=0)
 (cli.py:659)
2026-07-27 11:47:49,232 | INFO |generated uuid for the tasks: acac4647f84e4d39ae947997ff5d9161 (interface.py:73)
2026-07-27 11:47:49,517 | INFO | DB             | CaseType     Dataset               Filter | task_label (task_runner.py:411)
2026-07-27 11:47:49,518 | INFO | -----------    | ------------ -------------------- ------- | -------    (task_runner.py:411)
2026-07-27 11:47:49,518 | INFO | OSSOpenSearch  | Performance  deneysel-Custom-942      0.0 | acac4647f84e4d39ae947997ff5d9161 (task_runner.py:411)
2026-07-27 11:47:49,518 | INFO |task submitted: id=acac4647f84e4d39ae947997ff5d9161, acac4647f84e4d39ae947997ff5d9161, case number: 1 (interface.py:248)
2026-07-27 11:47:50,531 | INFO |[1/1] start case: {'label': <CaseLabel.Performance: 2>, 'name': 'deneysel-custom', 'dataset': {'data': {'name': 'deneysel', 'size': 942, 'dim': 1024, 'metric_type': <MetricType.COSINE: 'COSINE'>}}, 'db': 'OSSOpenSearch'}, drop_old=True (interface.py:178)
2026-07-27 11:47:50,531 | INFO |Starting run (task_runner.py:149)
2026-07-27 11:47:50,772 | INFO |OSS_OpenSearch client config: {'hosts': [{'host': 'localhost', 'port': 9200}], 'http_auth': ('admin', 'Sifre123!_UzunVeGuclu'), 'use_ssl': False, 'http_compress': True, 'verify_certs': False, 'ssl_assert_hostname': False, 'ssl_show_warn': False, 'timeout': 600} (oss_opensearch.py:221)
2026-07-27 11:47:50,772 | INFO |OSS_OpenSearch db case config: metric_type=<MetricType.COSINE: 'COSINE'> engine=<OSSOS_Engine.faiss: 'faiss'> efConstruction=256 efSearch=256 engine_name=None metric_type_name=None M=32 index_thread_qty=4 number_of_shards=1 number_of_replicas=0 number_of_segments=1 refresh_interval='60s' force_merge_enabled=True flush_threshold_size='5120mb' index_thread_qty_during_force_merge=4 cb_threshold='50%' number_of_indexing_clients=1 use_routing=False quantization_type=<OSSOpenSearchQuantization.NONE: 'None'> confidence_interval=None clip=False replication_type='DOCUMENT' knn_derived_source_enabled=False memory_optimized_search=False on_disk=False compression_level='32x' oversample_factor=1.0 (oss_opensearch.py:222)
2026-07-27 11:47:50,773 | INFO |OSS_OpenSearch client drop old index: vdb_bench_index (oss_opensearch.py:229)
2026-07-27 11:47:50,801 | INFO |Creating index with ef_search: 256 (oss_opensearch.py:318)
2026-07-27 11:47:50,802 | INFO |Creating index with number_of_replicas: 0 (oss_opensearch.py:319)
2026-07-27 11:47:50,802 | INFO |Creating index with replication_type: DOCUMENT (oss_opensearch.py:320)
2026-07-27 11:47:50,802 | INFO |Creating index with knn_derived_source_enabled: False (oss_opensearch.py:321)
2026-07-27 11:47:50,802 | INFO |Creating index with engine: OSSOS_Engine.faiss (oss_opensearch.py:322)
2026-07-27 11:47:50,803 | INFO |Creating index with metric type: None (oss_opensearch.py:323)
2026-07-27 11:47:50,803 | INFO |Creating index with memory_optimized_search: False (oss_opensearch.py:324)
2026-07-27 11:47:50,803 | INFO |All case_config parameters: {'metric_type': <MetricType.COSINE: 'COSINE'>, 'engine': <OSSOS_Engine.faiss: 'faiss'>, 'efConstruction': 256, 'efSearch': 256, 'engine_name': None, 'metric_type_name': None, 'M': 32, 'index_thread_qty': 4, 'number_of_shards': 1, 'number_of_replicas': 0, 'number_of_segments': 1, 'refresh_interval': '60s', 'force_merge_enabled': True, 'flush_threshold_size': '5120mb', 'index_thread_qty_during_force_merge': 4, 'cb_threshold': '50%', 'number_of_indexing_clients': 1, 'use_routing': False, 'quantization_type': <OSSOpenSearchQuantization.NONE: 'None'>, 'confidence_interval': None, 'clip': False, 'replication_type': 'DOCUMENT', 'knn_derived_source_enabled': False, 'memory_optimized_search': False, 'on_disk': False, 'compression_level': '32x', 'oversample_factor': 1.0} (oss_opensearch.py:325)
2026-07-27 11:47:50,851 | INFO |Successfully updated cluster settings for index creation (oss_opensearch.py:62)
2026-07-27 11:47:50,853 | INFO |User specified metric_type: None (config.py:183)
2026-07-27 11:47:50,853 | WARNING |[1/1] case {'label': <CaseLabel.Performance: 2>, 'name': 'deneysel-custom', 'dataset': {'data': {'name': 'deneysel', 'size': 942, 'dim': 1024, 'metric_type': <MetricType.COSINE: 'COSINE'>}}, 'db': 'OSSOpenSearch'} failed to run, reason='NoneType' object has no attribute 'upper' (interface.py:200)
2026-07-27 11:47:50,857 | INFO |Task summary: run_id=acac4, task_label=acac4647f84e4d39ae947997ff5d9161 (models.py:478)
2026-07-27 11:47:50,857 | INFO |DB            | db_label case            label                            | load_dur    qps        latency(p99)    latency(p95)    recall        max_load_count | label (models.py:478)
2026-07-27 11:47:50,857 | INFO |------------- | -------- --------------- -------------------------------- | ----------- ---------- --------------- --------------- ------------- -------------- | ----- (models.py:478)
2026-07-27 11:47:50,857 | INFO |OSSOpenSearch |          deneysel-custom acac4647f84e4d39ae947997ff5d9161 | 0.0         0.0        0.0             0.0             0.0           0              | x     (models.py:478)
2026-07-27 11:47:50,858 | INFO |write results to disk C:\Users\tft\DeneyselRAG\env\Lib\site-packages\vectordb_bench\results\OSSOpenSearch\result_20260727_acac4647f84e4d39ae947997ff5d9161_ossopensearch.json (models.py:315)
2026-07-27 11:47:50,859 | INFO |Success to finish task: label=acac4647f84e4d39ae947997ff5d9161, run_id=acac4647f84e4d39ae947997ff5d9161 (interface.py:219)
2026-07-27 11:49:12,344 | INFO |Task:
TaskConfig(db=<DB.OSSOpenSearch: 'OSSOpenSearch'>, db_config=OSSOpenSearchConfig(db_label='', version='', note='', host='localhost', port=9200, user='admin', password=SecretStr('**********')), db_case_config=OSSOpenSearchIndexConfig(metric_type=<MetricType.L2: 'L2'>, engine=<OSSOS_Engine.faiss: 'faiss'>, efConstruction=256, efSearch=100, engine_name=None, metric_type_name=None, M=16, index_thread_qty=4, number_of_shards=1, number_of_replicas=0, number_of_segments=1, refresh_interval='60s', force_merge_enabled=True, flush_threshold_size='5120mb', index_thread_qty_during_force_merge=4, cb_threshold='50%', number_of_indexing_clients=1, use_routing=False, quantization_type=<OSSOpenSearchQuantization.NONE: 'None'>, confidence_interval=None, clip=False, replication_type='DOCUMENT', knn_derived_source_enabled=False, memory_optimized_search=False, on_disk=False, compression_level='32x', oversample_factor=1.0), case_config=CaseConfig(case_id=<CaseType.PerformanceCustomDataset: 101>, custom_case={'name': 'deneysel-custom', 'description': 'DeneyselRAG kendi PDF korpusu', 'load_timeout': 36000, 'optimize_timeout': 36000, 'dataset_config': {'name': 'deneysel', 'dir': 'deneysel_nvidia_nv_embedqa_e5_v5', 'size': '942', 'dim': '1024', 'metric_type': 'Cosine', 'file_count': '1', 'use_shuffled': False, 'with_gt': True}}, k=10, concurrency_search_config=ConcurrencySearchConfig(num_concurrency=[1, 4, 8], concurrency_duration=30, concurrency_timeout=3600)), stages=['drop_old', 'load', 'search_serial', 'search_concurrent'], load_concurrency=0)
 (cli.py:659)
2026-07-27 11:49:12,345 | INFO |generated uuid for the tasks: 0e96b978663e40ddb8400ba37b1b9f9f (interface.py:73)
2026-07-27 11:49:12,806 | INFO | DB             | CaseType     Dataset               Filter | task_label (task_runner.py:411)
2026-07-27 11:49:12,806 | INFO | -----------    | ------------ -------------------- ------- | -------    (task_runner.py:411)
2026-07-27 11:49:12,806 | INFO | OSSOpenSearch  | Performance  deneysel-Custom-942      0.0 | 0e96b978663e40ddb8400ba37b1b9f9f (task_runner.py:411)
2026-07-27 11:49:12,807 | INFO |task submitted: id=0e96b978663e40ddb8400ba37b1b9f9f, 0e96b978663e40ddb8400ba37b1b9f9f, case number: 1 (interface.py:248)
2026-07-27 11:49:13,935 | INFO |[1/1] start case: {'label': <CaseLabel.Performance: 2>, 'name': 'deneysel-custom', 'dataset': {'data': {'name': 'deneysel', 'size': 942, 'dim': 1024, 'metric_type': <MetricType.COSINE: 'COSINE'>}}, 'db': 'OSSOpenSearch'}, drop_old=True (interface.py:178)
2026-07-27 11:49:13,936 | INFO |Starting run (task_runner.py:149)
2026-07-27 11:49:14,197 | INFO |OSS_OpenSearch client config: {'hosts': [{'host': 'localhost', 'port': 9200}], 'http_auth': ('admin', 'Sifre123!_UzunVeGuclu'), 'use_ssl': False, 'http_compress': True, 'verify_certs': False, 'ssl_assert_hostname': False, 'ssl_show_warn': False, 'timeout': 600} (oss_opensearch.py:221)
2026-07-27 11:49:14,198 | INFO |OSS_OpenSearch db case config: metric_type=<MetricType.COSINE: 'COSINE'> engine=<OSSOS_Engine.faiss: 'faiss'> efConstruction=256 efSearch=100 engine_name=None metric_type_name=None M=16 index_thread_qty=4 number_of_shards=1 number_of_replicas=0 number_of_segments=1 refresh_interval='60s' force_merge_enabled=True flush_threshold_size='5120mb' index_thread_qty_during_force_merge=4 cb_threshold='50%' number_of_indexing_clients=1 use_routing=False quantization_type=<OSSOpenSearchQuantization.NONE: 'None'> confidence_interval=None clip=False replication_type='DOCUMENT' knn_derived_source_enabled=False memory_optimized_search=False on_disk=False compression_level='32x' oversample_factor=1.0 (oss_opensearch.py:222)
2026-07-27 11:49:14,198 | INFO |OSS_OpenSearch client drop old index: vdb_bench_index (oss_opensearch.py:229)
2026-07-27 11:49:14,214 | INFO |Creating index with ef_search: 100 (oss_opensearch.py:318)
2026-07-27 11:49:14,215 | INFO |Creating index with number_of_replicas: 0 (oss_opensearch.py:319)
2026-07-27 11:49:14,215 | INFO |Creating index with replication_type: DOCUMENT (oss_opensearch.py:320)
2026-07-27 11:49:14,215 | INFO |Creating index with knn_derived_source_enabled: False (oss_opensearch.py:321)
2026-07-27 11:49:14,215 | INFO |Creating index with engine: OSSOS_Engine.faiss (oss_opensearch.py:322)
2026-07-27 11:49:14,215 | INFO |Creating index with metric type: None (oss_opensearch.py:323)
2026-07-27 11:49:14,215 | INFO |Creating index with memory_optimized_search: False (oss_opensearch.py:324)
2026-07-27 11:49:14,215 | INFO |All case_config parameters: {'metric_type': <MetricType.COSINE: 'COSINE'>, 'engine': <OSSOS_Engine.faiss: 'faiss'>, 'efConstruction': 256, 'efSearch': 100, 'engine_name': None, 'metric_type_name': None, 'M': 16, 'index_thread_qty': 4, 'number_of_shards': 1, 'number_of_replicas': 0, 'number_of_segments': 1, 'refresh_interval': '60s', 'force_merge_enabled': True, 'flush_threshold_size': '5120mb', 'index_thread_qty_during_force_merge': 4, 'cb_threshold': '50%', 'number_of_indexing_clients': 1, 'use_routing': False, 'quantization_type': <OSSOpenSearchQuantization.NONE: 'None'>, 'confidence_interval': None, 'clip': False, 'replication_type': 'DOCUMENT', 'knn_derived_source_enabled': False, 'memory_optimized_search': False, 'on_disk': False, 'compression_level': '32x', 'oversample_factor': 1.0} (oss_opensearch.py:325)
2026-07-27 11:49:14,273 | INFO |Successfully updated cluster settings for index creation (oss_opensearch.py:62)
2026-07-27 11:49:14,276 | INFO |User specified metric_type: None (config.py:183)
2026-07-27 11:49:14,276 | WARNING |[1/1] case {'label': <CaseLabel.Performance: 2>, 'name': 'deneysel-custom', 'dataset': {'data': {'name': 'deneysel', 'size': 942, 'dim': 1024, 'metric_type': <MetricType.COSINE: 'COSINE'>}}, 'db': 'OSSOpenSearch'} failed to run, reason='NoneType' object has no attribute 'upper' (interface.py:200)
2026-07-27 11:49:14,282 | INFO |Task summary: run_id=0e96b, task_label=0e96b978663e40ddb8400ba37b1b9f9f (models.py:478)
2026-07-27 11:49:14,282 | INFO |DB            | db_label case            label                            | load_dur    qps        latency(p99)    latency(p95)    recall        max_load_count | label (models.py:478)
2026-07-27 11:49:14,283 | INFO |------------- | -------- --------------- -------------------------------- | ----------- ---------- --------------- --------------- ------------- -------------- | ----- (models.py:478)
2026-07-27 11:49:14,283 | INFO |OSSOpenSearch |          deneysel-custom 0e96b978663e40ddb8400ba37b1b9f9f | 0.0         0.0        0.0             0.0             0.0           0              | x     (models.py:478)
2026-07-27 11:49:14,283 | INFO |write results to disk C:\Users\tft\DeneyselRAG\env\Lib\site-packages\vectordb_bench\results\OSSOpenSearch\result_20260727_0e96b978663e40ddb8400ba37b1b9f9f_ossopensearch.json (models.py:315)
2026-07-27 11:49:14,286 | INFO |Success to finish task: label=0e96b978663e40ddb8400ba37b1b9f9f, run_id=0e96b978663e40ddb8400ba37b1b9f9f (interface.py:219)
2026-07-27 13:00:20,335 | INFO |Task:
TaskConfig(db=<DB.OSSOpenSearch: 'OSSOpenSearch'>, db_config=OSSOpenSearchConfig(db_label='', version='', note='', host='localhost', port=9200, user='admin', password=SecretStr('**********')), db_case_config=OSSOpenSearchIndexConfig(metric_type=<MetricType.L2: 'L2'>, engine=<OSSOS_Engine.faiss: 'faiss'>, efConstruction=256, efSearch=100, engine_name=None, metric_type_name='cosine', M=16, index_thread_qty=4, number_of_shards=1, number_of_replicas=0, number_of_segments=1, refresh_interval='60s', force_merge_enabled=True, flush_threshold_size='5120mb', index_thread_qty_during_force_merge=4, cb_threshold='50%', number_of_indexing_clients=1, use_routing=False, quantization_type=<OSSOpenSearchQuantization.NONE: 'None'>, confidence_interval=None, clip=False, replication_type='DOCUMENT', knn_derived_source_enabled=False, memory_optimized_search=False, on_disk=False, compression_level='32x', oversample_factor=1.0), case_config=CaseConfig(case_id=<CaseType.PerformanceCustomDataset: 101>, custom_case={'name': 'deneysel-custom', 'description': 'DeneyselRAG kendi PDF korpusu', 'load_timeout': 36000, 'optimize_timeout': 36000, 'dataset_config': {'name': 'deneysel', 'dir': 'deneysel_nvidia_nv_embedqa_e5_v5', 'size': '942', 'dim': '1024', 'metric_type': 'Cosine', 'file_count': '1', 'use_shuffled': False, 'with_gt': True}}, k=10, concurrency_search_config=ConcurrencySearchConfig(num_concurrency=[1, 4, 8], concurrency_duration=30, concurrency_timeout=3600)), stages=['drop_old', 'load', 'search_serial', 'search_concurrent'], load_concurrency=0)
 (cli.py:659)
2026-07-27 13:00:39,251 | INFO |Task:
TaskConfig(db=<DB.OSSOpenSearch: 'OSSOpenSearch'>, db_config=OSSOpenSearchConfig(db_label='', version='', note='', host='localhost', port=9200, user='admin', password=SecretStr('**********')), db_case_config=OSSOpenSearchIndexConfig(metric_type=<MetricType.L2: 'L2'>, engine=<OSSOS_Engine.faiss: 'faiss'>, efConstruction=256, efSearch=100, engine_name=None, metric_type_name='cosine', M=16, index_thread_qty=4, number_of_shards=1, number_of_replicas=0, number_of_segments=1, refresh_interval='60s', force_merge_enabled=True, flush_threshold_size='5120mb', index_thread_qty_during_force_merge=4, cb_threshold='50%', number_of_indexing_clients=1, use_routing=False, quantization_type=<OSSOpenSearchQuantization.NONE: 'None'>, confidence_interval=None, clip=False, replication_type='DOCUMENT', knn_derived_source_enabled=False, memory_optimized_search=False, on_disk=False, compression_level='32x', oversample_factor=1.0), case_config=CaseConfig(case_id=<CaseType.PerformanceCustomDataset: 101>, custom_case={'name': 'deneysel-custom', 'description': 'DeneyselRAG kendi PDF korpusu', 'load_timeout': 36000, 'optimize_timeout': 36000, 'dataset_config': {'name': 'deneysel', 'dir': 'deneysel_nvidia_nv_embedqa_e5_v5', 'size': '942', 'dim': '1024', 'metric_type': 'Cosine', 'file_count': '1', 'use_shuffled': False, 'with_gt': True}}, k=10, concurrency_search_config=ConcurrencySearchConfig(num_concurrency=[1, 4, 8], concurrency_duration=30, concurrency_timeout=3600)), stages=['drop_old', 'load', 'search_serial', 'search_concurrent'], load_concurrency=0)
 (cli.py:659)
2026-07-27 13:00:39,252 | INFO |generated uuid for the tasks: 358bdca724fa4db6bb5c43b4da4f7c3c (interface.py:73)
2026-07-27 13:00:39,725 | INFO | DB             | CaseType     Dataset               Filter | task_label (task_runner.py:411)
2026-07-27 13:00:39,725 | INFO | -----------    | ------------ -------------------- ------- | -------    (task_runner.py:411)
2026-07-27 13:00:39,725 | INFO | OSSOpenSearch  | Performance  deneysel-Custom-942      0.0 | 358bdca724fa4db6bb5c43b4da4f7c3c (task_runner.py:411)
2026-07-27 13:00:39,726 | INFO |task submitted: id=358bdca724fa4db6bb5c43b4da4f7c3c, 358bdca724fa4db6bb5c43b4da4f7c3c, case number: 1 (interface.py:248)
2026-07-27 13:00:40,815 | INFO |[1/1] start case: {'label': <CaseLabel.Performance: 2>, 'name': 'deneysel-custom', 'dataset': {'data': {'name': 'deneysel', 'size': 942, 'dim': 1024, 'metric_type': <MetricType.COSINE: 'COSINE'>}}, 'db': 'OSSOpenSearch'}, drop_old=True (interface.py:178)
2026-07-27 13:00:40,815 | INFO |Starting run (task_runner.py:149)
2026-07-27 13:00:41,057 | INFO |OSS_OpenSearch client config: {'hosts': [{'host': 'localhost', 'port': 9200}], 'http_auth': ('admin', 'Sifre123!_UzunVeGuclu'), 'use_ssl': False, 'http_compress': True, 'verify_certs': False, 'ssl_assert_hostname': False, 'ssl_show_warn': False, 'timeout': 600} (oss_opensearch.py:221)
2026-07-27 13:00:41,057 | INFO |OSS_OpenSearch db case config: metric_type=<MetricType.COSINE: 'COSINE'> engine=<OSSOS_Engine.faiss: 'faiss'> efConstruction=256 efSearch=100 engine_name=None metric_type_name='cosine' M=16 index_thread_qty=4 number_of_shards=1 number_of_replicas=0 number_of_segments=1 refresh_interval='60s' force_merge_enabled=True flush_threshold_size='5120mb' index_thread_qty_during_force_merge=4 cb_threshold='50%' number_of_indexing_clients=1 use_routing=False quantization_type=<OSSOpenSearchQuantization.NONE: 'None'> confidence_interval=None clip=False replication_type='DOCUMENT' knn_derived_source_enabled=False memory_optimized_search=False on_disk=False compression_level='32x' oversample_factor=1.0 (oss_opensearch.py:222)
2026-07-27 13:00:41,058 | INFO |OSS_OpenSearch client drop old index: vdb_bench_index (oss_opensearch.py:229)
2026-07-27 13:00:41,083 | INFO |Creating index with ef_search: 100 (oss_opensearch.py:318)
2026-07-27 13:00:41,083 | INFO |Creating index with number_of_replicas: 0 (oss_opensearch.py:319)
2026-07-27 13:00:41,083 | INFO |Creating index with replication_type: DOCUMENT (oss_opensearch.py:320)
2026-07-27 13:00:41,083 | INFO |Creating index with knn_derived_source_enabled: False (oss_opensearch.py:321)
2026-07-27 13:00:41,083 | INFO |Creating index with engine: OSSOS_Engine.faiss (oss_opensearch.py:322)
2026-07-27 13:00:41,084 | INFO |Creating index with metric type: cosine (oss_opensearch.py:323)
2026-07-27 13:00:41,084 | INFO |Creating index with memory_optimized_search: False (oss_opensearch.py:324)
2026-07-27 13:00:41,084 | INFO |All case_config parameters: {'metric_type': <MetricType.COSINE: 'COSINE'>, 'engine': <OSSOS_Engine.faiss: 'faiss'>, 'efConstruction': 256, 'efSearch': 100, 'engine_name': None, 'metric_type_name': 'cosine', 'M': 16, 'index_thread_qty': 4, 'number_of_shards': 1, 'number_of_replicas': 0, 'number_of_segments': 1, 'refresh_interval': '60s', 'force_merge_enabled': True, 'flush_threshold_size': '5120mb', 'index_thread_qty_during_force_merge': 4, 'cb_threshold': '50%', 'number_of_indexing_clients': 1, 'use_routing': False, 'quantization_type': <OSSOpenSearchQuantization.NONE: 'None'>, 'confidence_interval': None, 'clip': False, 'replication_type': 'DOCUMENT', 'knn_derived_source_enabled': False, 'memory_optimized_search': False, 'on_disk': False, 'compression_level': '32x', 'oversample_factor': 1.0} (oss_opensearch.py:325)
2026-07-27 13:00:41,138 | INFO |Successfully updated cluster settings for index creation (oss_opensearch.py:62)
2026-07-27 13:00:41,140 | INFO |User specified metric_type: cosine (config.py:191)
2026-07-27 13:00:41,140 | INFO |Index configuration - mode: in-memory, configured_engine: faiss, resolved_engine: faiss, metric_type: cosine, space_type: cosinesimil (config.py:218)
2026-07-27 13:00:41,141 | INFO |Creating in-memory index with engine: faiss (oss_opensearch.py:302)
2026-07-27 13:00:41,141 | INFO |Creating index with settings: {'index': {'knn': True, 'number_of_shards': 1, 'number_of_replicas': 0, 'translog.flush_threshold_size': '5120mb', 'replication.type': 'DOCUMENT', 'knn.algo_param.ef_search': 100}, 'refresh_interval': '60s'} (oss_opensearch.py:367)
2026-07-27 13:00:41,141 | INFO |Creating index with mappings: {'properties': {'label': {'type': 'keyword'}, 'embedding': {'type': 'knn_vector', 'dimension': 1024, 'method': {'name': 'hnsw', 'engine': 'faiss', 'space_type': 'cosinesimil', 'parameters': {'ef_construction': 256, 'm': 16}}}}} (oss_opensearch.py:368)
2026-07-27 13:00:41,416 | INFO |Read the entire file into memory: test.parquet (dataset.py:394)
2026-07-27 13:00:41,508 | INFO |Read the entire file into memory: neighbors.parquet (dataset.py:394)
2026-07-27 13:00:41,511 | INFO |Start performance case (task_runner.py:194)
2026-07-27 13:00:42,784 | INFO |(SpawnProcess-1:1) Start concurrent insert, batch_size=100, max_workers=4 (concurrent_runner.py:187)
2026-07-27 13:00:42,785 | INFO |Get iterator for train.parquet (dataset.py:426)
2026-07-27 13:00:42,849 | INFO |Number of indexing clients from case_config: 1 (oss_opensearch.py:415)
2026-07-27 13:00:42,850 | INFO |Using single client for data insertion (oss_opensearch.py:418)
2026-07-27 13:00:42,885 | INFO |Number of indexing clients from case_config: 1 (oss_opensearch.py:415)
2026-07-27 13:00:42,908 | INFO |Using single client for data insertion (oss_opensearch.py:418)
2026-07-27 13:00:42,967 | INFO |Number of indexing clients from case_config: 1 (oss_opensearch.py:415)
2026-07-27 13:00:42,970 | INFO |Number of indexing clients from case_config: 1 (oss_opensearch.py:415)
2026-07-27 13:00:42,970 | INFO |Using single client for data insertion (oss_opensearch.py:418)
2026-07-27 13:00:42,970 | INFO |Using single client for data insertion (oss_opensearch.py:418)
2026-07-27 13:00:43,399 | INFO |Number of indexing clients from case_config: 1 (oss_opensearch.py:415)
2026-07-27 13:00:43,400 | INFO |Using single client for data insertion (oss_opensearch.py:418)
2026-07-27 13:00:43,466 | INFO |Number of indexing clients from case_config: 1 (oss_opensearch.py:415)
2026-07-27 13:00:43,467 | INFO |Using single client for data insertion (oss_opensearch.py:418)
2026-07-27 13:00:43,528 | INFO |Number of indexing clients from case_config: 1 (oss_opensearch.py:415)
2026-07-27 13:00:43,528 | INFO |Using single client for data insertion (oss_opensearch.py:418)
2026-07-27 13:00:43,530 | INFO |Number of indexing clients from case_config: 1 (oss_opensearch.py:415)
2026-07-27 13:00:43,547 | INFO |Using single client for data insertion (oss_opensearch.py:418)
2026-07-27 13:00:43,873 | INFO |Number of indexing clients from case_config: 1 (oss_opensearch.py:415)
2026-07-27 13:00:43,873 | INFO |Using single client for data insertion (oss_opensearch.py:418)
2026-07-27 13:00:43,940 | INFO |Number of indexing clients from case_config: 1 (oss_opensearch.py:415)
2026-07-27 13:00:43,941 | INFO |Using single client for data insertion (oss_opensearch.py:418)
2026-07-27 13:00:44,313 | INFO |(SpawnProcess-1:1) Finish concurrent insert, count=942, dur=1.53s (concurrent_runner.py:208)
2026-07-27 13:00:45,838 | INFO |Successfully updated ef_search to 100 (oss_opensearch.py:74)
2026-07-27 13:00:45,838 | INFO |Current engine: OSSOS_Engine.faiss (oss_opensearch.py:607)
2026-07-27 13:00:45,838 | INFO |Current metric_type: COSINE (oss_opensearch.py:608)
2026-07-27 13:00:45,838 | INFO |Starting the Refresh Index.. (oss_opensearch.py:637)
2026-07-27 13:00:46,177 | INFO |Updating the Index thread qty to 4. (oss_opensearch.py:649)
2026-07-27 13:00:46,183 | INFO |Successfully updated cluster index thread qty to 4 (oss_opensearch.py:62)
2026-07-27 13:00:46,183 | INFO |Updating the graph threshold to ensure that during merge we can do graph creation. (oss_opensearch.py:657)
2026-07-27 13:00:46,266 | INFO |Successfully updated index approximate threshold to 0 (oss_opensearch.py:74)
2026-07-27 13:00:46,266 | INFO |response of updating setting is: {'acknowledged': True} (oss_opensearch.py:660)
2026-07-27 13:00:46,266 | INFO |Starting force merge for index vdb_bench_index (oss_opensearch.py:662)
2026-07-27 13:01:16,305 | INFO |Completed force merge for index vdb_bench_index (oss_opensearch.py:671)
2026-07-27 13:01:16,305 | INFO |Starting the Refresh Index.. (oss_opensearch.py:637)
2026-07-27 13:01:16,328 | INFO |Current Number of replicas are 0 and changing the replicas to 0 (oss_opensearch.py:613)
2026-07-27 13:01:16,380 | INFO |Successfully updated number of replicas to 0 (oss_opensearch.py:74)
2026-07-27 13:01:16,380 | INFO |Wait for index to become green.. (oss_opensearch.py:623)
2026-07-27 13:01:16,397 | INFO |Index vdb_bench_index is green.. (oss_opensearch.py:631)
2026-07-27 13:01:16,398 | INFO |Starting the Refresh Index.. (oss_opensearch.py:637)
2026-07-27 13:01:16,403 | INFO |Calling warmup API to load graphs into memory (oss_opensearch.py:675)
2026-07-27 13:01:16,908 | INFO |Finish loading the entire dataset into VectorDB, insert_duration=3.024301999999807, optimize_duration=30.70427170000039 load_duration(insert + optimize) = 33.7286 (task_runner.py:204)
2026-07-27 13:01:17,120 | INFO |Start search 30s in concurrency 1, filters: type=<FilterOp.NonFilter: 'NonFilter'> filter_rate=0.0 gt_file_name='neighbors.parquet' (mp_runner.py:129)
2026-07-27 13:01:19,139 | INFO |Syncing all process and start concurrency search, concurrency=1 (mp_runner.py:136)
2026-07-27 13:01:49,153 | INFO |SpawnProcess-1:4 search 30s: actual_dur=30.0116s, count=564, qps in this process: 18.7927 (mp_runner.py:101)
2026-07-27 13:01:49,159 | INFO |End search in concurrency 1: dur=30.01935980000053s, total_count=564, qps=18.7879 (mp_runner.py:152)
2026-07-27 13:01:49,427 | INFO |Update largest qps with concurrency 1: current max_qps=18.7879 (mp_runner.py:156)
2026-07-27 13:01:49,541 | INFO |Start search 30s in concurrency 4, filters: type=<FilterOp.NonFilter: 'NonFilter'> filter_rate=0.0 gt_file_name='neighbors.parquet' (mp_runner.py:129)
2026-07-27 13:01:53,577 | INFO |Syncing all process and start concurrency search, concurrency=4 (mp_runner.py:136)
2026-07-27 13:02:23,581 | INFO |SpawnProcess-1:6 search 30s: actual_dur=30.0029s, count=609, qps in this process: 20.298 (mp_runner.py:101)
2026-07-27 13:02:23,602 | INFO |SpawnProcess-1:8 search 30s: actual_dur=30.0232s, count=610, qps in this process: 20.3176 (mp_runner.py:101)
2026-07-27 13:02:23,614 | INFO |SpawnProcess-1:9 search 30s: actual_dur=30.0351s, count=610, qps in this process: 20.3096 (mp_runner.py:101)
2026-07-27 13:02:23,621 | INFO |SpawnProcess-1:7 search 30s: actual_dur=30.0429s, count=611, qps in this process: 20.3376 (mp_runner.py:101)
2026-07-27 13:02:23,624 | INFO |End search in concurrency 4: dur=30.04602750000049s, total_count=2440, qps=81.2087 (mp_runner.py:152)
2026-07-27 13:02:24,067 | INFO |Update largest qps with concurrency 4: current max_qps=81.2087 (mp_runner.py:156)
2026-07-27 13:02:24,186 | INFO |Start search 30s in concurrency 8, filters: type=<FilterOp.NonFilter: 'NonFilter'> filter_rate=0.0 gt_file_name='neighbors.parquet' (mp_runner.py:129)
2026-07-27 13:02:32,278 | INFO |Syncing all process and start concurrency search, concurrency=8 (mp_runner.py:136)
2026-07-27 13:03:02,296 | INFO |SpawnProcess-1:14 search 30s: actual_dur=30.0162s, count=606, qps in this process: 20.1891 (mp_runner.py:101)
2026-07-27 13:03:02,296 | INFO |SpawnProcess-1:13 search 30s: actual_dur=30.0169s, count=606, qps in this process: 20.1886 (mp_runner.py:101)
2026-07-27 13:03:02,296 | INFO |SpawnProcess-1:11 search 30s: actual_dur=30.0167s, count=609, qps in this process: 20.2887 (mp_runner.py:101)
2026-07-27 13:03:02,300 | INFO |SpawnProcess-1:18 search 30s: actual_dur=30.0207s, count=607, qps in this process: 20.2194 (mp_runner.py:101)
2026-07-27 13:03:02,308 | INFO |SpawnProcess-1:15 search 30s: actual_dur=30.0288s, count=608, qps in this process: 20.2472 (mp_runner.py:101)
2026-07-27 13:03:02,327 | INFO |SpawnProcess-1:17 search 30s: actual_dur=30.0459s, count=608, qps in this process: 20.2357 (mp_runner.py:101)
2026-07-27 13:03:02,327 | INFO |SpawnProcess-1:12 search 30s: actual_dur=30.0462s, count=608, qps in this process: 20.2355 (mp_runner.py:101)
2026-07-27 13:03:02,330 | INFO |End search in concurrency 8: dur=30.051535800001147s, total_count=4860, qps=161.7222 (mp_runner.py:152)
2026-07-27 13:03:03,154 | INFO |Update largest qps with concurrency 8: current max_qps=161.7222 (mp_runner.py:156)
2026-07-27 13:03:03,156 | INFO |SpawnProcess-1 start serial search (serial_runner.py:217)
2026-07-27 13:03:04,537 | INFO |SpawnProcess-1:19 start search the entire test_data to get recall and latency (serial_runner.py:158)
2026-07-27 13:03:09,369 | INFO |SpawnProcess-1:19 search entire test_data: cost=4.8086s, queries=100, avg_recall=0.999, avg_ndcg=0.9992, avg_latency=0.0481, p99=0.0519, p95=0.0516 (serial_runner.py:198)
2026-07-27 13:03:09,701 | INFO |Performance case got result: Metric(max_load_count=0, insert_duration=3.0243, optimize_duration=30.7043, load_duration=33.7286, qps=161.7222, serial_latency_p99=np.float64(0.0519), serial_latency_p95=np.float64(0.0516), recall=np.float64(0.999), ndcg=np.float64(0.9992), conc_num_list=[1, 4, 8], conc_qps_list=[18.7879, 81.2087, 161.7222], conc_latency_p99_list=[np.float64(0.06226646700031779), np.float64(0.0561847769997803), np.float64(0.056512473000548194)], conc_latency_p95_list=[np.float64(0.05897366000090187), np.float64(0.053078794999782984), np.float64(0.0531889750010123)], conc_latency_avg_list=[np.float64(0.05320848776593382), np.float64(0.049220115081938215), np.float64(0.04942863320988099)], st_ideal_insert_duration=0, st_search_stage_list=[], st_search_time_list=[], st_max_qps_list_list=[], st_recall_list=[], st_ndcg_list=[], st_serial_latency_p99_list=[], st_serial_latency_p95_list=[], st_conc_failed_rate_list=[], st_conc_num_list_list=[], st_conc_qps_list_list=[], st_conc_latency_p99_list_list=[], st_conc_latency_p95_list_list=[], st_conc_latency_avg_list_list=[]) (task_runner.py:232)
2026-07-27 13:03:09,702 | INFO |[1/1] finish case: {'label': <CaseLabel.Performance: 2>, 'name': 'deneysel-custom', 'dataset': {'data': {'name': 'deneysel', 'size': 942, 'dim': 1024, 'metric_type': <MetricType.COSINE: 'COSINE'>}}, 'db': 'OSSOpenSearch'}, result=Metric(max_load_count=0, insert_duration=3.0243, optimize_duration=30.7043, load_duration=33.7286, qps=161.7222, serial_latency_p99=np.float64(0.0519), serial_latency_p95=np.float64(0.0516), recall=np.float64(0.999), ndcg=np.float64(0.9992), conc_num_list=[1, 4, 8], conc_qps_list=[18.7879, 81.2087, 161.7222], conc_latency_p99_list=[np.float64(0.06226646700031779), np.float64(0.0561847769997803), np.float64(0.056512473000548194)], conc_latency_p95_list=[np.float64(0.05897366000090187), np.float64(0.053078794999782984), np.float64(0.0531889750010123)], conc_latency_avg_list=[np.float64(0.05320848776593382), np.float64(0.049220115081938215), np.float64(0.04942863320988099)], st_ideal_insert_duration=0, st_search_stage_list=[], st_search_time_list=[], st_max_qps_list_list=[], st_recall_list=[], st_ndcg_list=[], st_serial_latency_p99_list=[], st_serial_latency_p95_list=[], st_conc_failed_rate_list=[], st_conc_num_list_list=[], st_conc_qps_list_list=[], st_conc_latency_p99_list_list=[], st_conc_latency_p95_list_list=[], st_conc_latency_avg_list_list=[]), label=ResultLabel.NORMAL (interface.py:180)
2026-07-27 13:03:09,703 | INFO |Task summary: run_id=358bd, task_label=358bdca724fa4db6bb5c43b4da4f7c3c (models.py:478)
2026-07-27 13:03:09,703 | INFO |DB            | db_label case            label                            | load_dur    qps         latency(p99)    latency(p95)    recall        max_load_count | label (models.py:478)
2026-07-27 13:03:09,703 | INFO |------------- | -------- --------------- -------------------------------- | ----------- ----------- --------------- --------------- ------------- -------------- | ----- (models.py:478)
2026-07-27 13:03:09,703 | INFO |OSSOpenSearch |          deneysel-custom 358bdca724fa4db6bb5c43b4da4f7c3c | 33.7286     161.7222    0.0519          0.0516          0.999         0              | :)    (models.py:478)
2026-07-27 13:03:09,704 | INFO |write results to disk C:\Users\tft\DeneyselRAG\env\Lib\site-packages\vectordb_bench\results\OSSOpenSearch\result_20260727_358bdca724fa4db6bb5c43b4da4f7c3c_ossopensearch.json (models.py:315)
2026-07-27 13:03:09,709 | INFO |Success to finish task: label=358bdca724fa4db6bb5c43b4da4f7c3c, run_id=358bdca724fa4db6bb5c43b4da4f7c3c (interface.py:219)
